"V1","Participant","Condition","Congruity","Reaction_time","Response","Correctness","Cue","Finger"
0,"1","II","Yes",0.434142827988,"lcmd",1,"Index","Index"
1,"1","II","No",0.57104716301,"lalt",1,"Middle","Index"
2,"1","II","Yes",0.479117107391,"lalt",1,"Middle","Middle"
3,"1","II","No",0.62364192009,"lcmd",1,"Index","Middle"
4,"1","II","No",0.480222082138,"lcmd",1,"Index","Middle"
5,"1","II","Yes",0.44284491539,"lcmd",1,"Index","Index"
6,"1","II","No",0.563038825989,"lalt",1,"Middle","Index"
7,"1","II","Yes",0.52208609581,"lalt",1,"Middle","Middle"
8,"1","II","No",0.452649068832,"lalt",1,"Middle","Index"
9,"1","II","No",0.405857849121,"lcmd",1,"Index","Middle"
10,"1","II","Yes",0.47257194519,"lcmd",1,"Index","Index"
11,"1","II","Yes",0.511317110062,"lalt",1,"Middle","Middle"
12,"1","II","Yes",0.42904715538,"lalt",1,"Middle","Middle"
13,"1","II","Yes",0.37060585022,"lcmd",1,"Index","Index"
14,"1","II","No",0.529275941849,"lalt",1,"Middle","Index"
15,"1","II","No",0.41012096405,"lcmd",1,"Index","Middle"
16,"1","II","Yes",0.576798057556,"lalt",1,"Middle","Middle"
17,"1","II","Yes",0.397048902512,"lcmd",1,"Index","Index"
18,"1","II","No",0.636274051666,"lcmd",1,"Index","Middle"
19,"1","II","No",0.542321109772,"lalt",1,"Middle","Index"
20,"1","II","Yes",0.410810136795,"lalt",1,"Middle","Middle"
21,"1","II","No",0.482386922836,"lalt",1,"Middle","Index"
22,"1","II","No",0.398458909988,"lalt",0,"Index","Middle"
23,"1","II","Yes",0.487611055374,"lcmd",1,"Index","Index"
24,"1","II","Yes",0.456127119064,"lcmd",1,"Index","Index"
25,"1","II","Yes",0.432898187637,"lalt",1,"Middle","Middle"
26,"1","II","No",0.44287815094,"lalt",1,"Middle","Index"
27,"1","II","No",0.341817808151,"lcmd",1,"Index","Middle"
28,"1","II","No",0.515699005127,"lcmd",1,"Index","Middle"
29,"1","II","Yes",0.446641206741,"lcmd",1,"Index","Index"
30,"1","II","No",0.525864076614,"lalt",1,"Middle","Index"
31,"1","II","Yes",0.459865808487,"lalt",1,"Middle","Middle"
32,"1","II","No",0.397141170502,"lcmd",1,"Index","Middle"
33,"1","II","No",0.432161903381,"lalt",1,"Middle","Index"
34,"1","II","Yes",0.497646045685,"lalt",1,"Middle","Middle"
35,"1","II","Yes",0.359252023697,"lcmd",1,"Index","Index"
36,"1","II","No",0.475661087036,"lcmd",1,"Index","Middle"
37,"1","II","Yes",0.465677976608,"lalt",1,"Middle","Middle"
38,"1","II","Yes",0.394025087357,"lcmd",1,"Index","Index"
39,"1","II","No",0.532580041885,"lalt",1,"Middle","Index"
40,"1","II","No",0.60664396286,"lcmd",1,"Index","Middle"
41,"1","II","Yes",0.46315279007,"lcmd",1,"Index","Index"
42,"1","II","No",0.680551052094,"lalt",1,"Middle","Index"
43,"1","II","Yes",0.55463886261,"lalt",1,"Middle","Middle"
44,"1","II","Yes",0.51080198288,"lalt",1,"Middle","Middle"
45,"1","II","Yes",0.429427957535,"lcmd",1,"Index","Index"
46,"1","II","No",0.79375796318,"lcmd",1,"Index","Middle"
47,"1","II","No",0.471570920944,"lalt",1,"Middle","Index"
48,"1","II","Yes",0.511807060242,"lalt",1,"Middle","Middle"
49,"1","II","No",0.482754039764,"lalt",1,"Middle","Index"
50,"1","II","Yes",0.395635986328,"lcmd",1,"Index","Index"
51,"1","II","No",0.46130604744,"lcmd",1,"Index","Middle"
52,"1","II","No",0.409880971909,"lalt",1,"Middle","Index"
53,"1","II","No",0.360646009445,"lcmd",1,"Index","Middle"
54,"1","II","Yes",0.53399310112,"lalt",1,"Middle","Middle"
55,"1","II","Yes",0.381255054474,"lcmd",1,"Index","Index"
56,"1","II","Yes",0.714885139465,"lcmd",1,"Index","Index"
57,"1","II","Yes",0.367306947708,"lalt",1,"Middle","Middle"
58,"1","II","No",0.541534996033,"lcmd",1,"Index","Middle"
59,"1","II","No",0.451419878006,"lalt",1,"Middle","Index"
60,"1","II","Yes",0.357339096069,"lcmd",1,"Index","Index"
61,"1","II","No",0.507545137405,"lcmd",0,"Middle","Index"
62,"1","II","No",0.904699802399,"lcmd",1,"Index","Middle"
63,"1","II","Yes",0.397446107864,"lalt",1,"Middle","Middle"
64,"1","II","No",0.388573884964,"lcmd",1,"Index","Middle"
65,"1","II","No",0.524287986755,"lalt",1,"Middle","Index"
66,"1","II","Yes",0.593553924561,"lcmd",1,"Index","Index"
67,"1","II","Yes",0.42797703743,"lalt",1,"Middle","Middle"
68,"1","II","Yes",0.528766918182,"lalt",1,"Middle","Middle"
69,"1","II","No",0.489971065521,"lcmd",1,"Index","Middle"
70,"1","II","No",0.399043035507,"lalt",1,"Middle","Index"
71,"1","II","Yes",0.509487915039,"lcmd",1,"Index","Index"
72,"1","II","No",0.745985841751,"lalt",1,"Middle","Index"
73,"1","II","No",0.471548891068,"lcmd",1,"Index","Middle"
74,"1","II","Yes",0.48426117897,"lalt",1,"Middle","Middle"
75,"1","II","Yes",0.375306034088,"lcmd",1,"Index","Index"
76,"1","II","Yes",0.505495071411,"lalt",1,"Middle","Middle"
77,"1","II","No",0.445330953598,"lalt",1,"Middle","Index"
78,"1","II","Yes",0.641015005112,"lcmd",1,"Index","Index"
79,"1","II","No",0.546965932846,"lcmd",1,"Index","Middle"
0,"10","IT","Yes",-19.8176210403,"lcmd",1,"Index","Index"
1,"10","IT","No",-2.32738900185,"lalt",1,"Middle","Index"
2,"10","IT","Yes",0.538255023956,"lalt",1,"Middle","Middle"
3,"10","IT","No",0.602737808228,"lcmd",1,"Index","Middle"
4,"10","IT","Yes",0.435001945496,"lalt",1,"Middle","Middle"
5,"10","IT","No",0.65560092926,"lalt",1,"Middle","Index"
6,"10","IT","Yes",0.75495595932,"lcmd",1,"Index","Index"
7,"10","IT","No",0.87269487381,"lcmd",1,"Index","Middle"
8,"10","IT","Yes",0.81733789444,"lalt",1,"Middle","Middle"
9,"10","IT","No",0.563490009308,"lcmd",1,"Index","Middle"
10,"10","IT","Yes",0.544661903381,"lcmd",1,"Index","Index"
11,"10","IT","No",0.801114845276,"lcmd",0,"Middle","Index"
12,"10","IT","Yes",-3.05124807358,"lalt",0,"Index","Index"
13,"10","IT","No",0.569420051575,"lalt",1,"Middle","Index"
14,"10","IT","Yes",0.431835985184,"lalt",1,"Middle","Middle"
15,"10","IT","No",1.00986499786,"lcmd",1,"Index","Middle"
16,"10","IT","Yes",0.508262014389,"lalt",1,"Middle","Middle"
17,"10","IT","No",0.596117162704,"lalt",1,"Middle","Index"
18,"10","IT","Yes",0.828929948807,"lalt",0,"Index","Index"
19,"10","IT","No",0.892513036728,"lcmd",1,"Index","Middle"
20,"10","IT","No",0.50677113533,"lalt",1,"Middle","Index"
21,"10","IT","Yes",0.517814970017,"lalt",1,"Middle","Middle"
22,"10","IT","No",0.439285898209,"lcmd",1,"Index","Middle"
23,"10","IT","Yes",1.21917285919,"lcmd",1,"Index","Index"
24,"10","IT","Yes",0.503845787048,"lcmd",1,"Index","Index"
25,"10","IT","Yes",0.324740028381,"lalt",1,"Middle","Middle"
26,"10","IT","No",0.409297132492,"lcmd",1,"Index","Middle"
27,"10","IT","No",0.941852903366,"lalt",1,"Middle","Index"
28,"10","IT","Yes",0.602956056595,"lalt",1,"Middle","Middle"
29,"10","IT","Yes",0.297276210785,"lcmd",1,"Index","Index"
30,"10","IT","No",1.01338310242,"lalt",1,"Middle","Index"
31,"10","IT","No",0.838126993179,"lcmd",1,"Index","Middle"
32,"10","IT","Yes",0.501468133926,"lcmd",1,"Index","Index"
33,"10","IT","No",0.578351926804,"lcmd",1,"Index","Middle"
34,"10","IT","Yes",0.363965892792,"lalt",1,"Middle","Middle"
35,"10","IT","No",0.497636175156,"lalt",1,"Middle","Index"
36,"10","IT","Yes",0.499130821228,"lalt",1,"Middle","Middle"
37,"10","IT","No",0.497616147995,"lalt",1,"Middle","Index"
38,"10","IT","Yes",0.388931035995,"lcmd",1,"Index","Index"
39,"10","IT","No",0.465843057632,"lcmd",1,"Index","Middle"
40,"10","IT","Yes",0.468201112747,"lcmd",1,"Index","Index"
41,"10","IT","No",0.475980091095,"lcmd",1,"Index","Middle"
42,"10","IT","Yes",0.390480804443,"lalt",1,"Middle","Middle"
43,"10","IT","No",0.601534128189,"lalt",1,"Middle","Index"
44,"10","IT","Yes",0.45913901329,"lalt",1,"Middle","Middle"
45,"10","IT","No",0.281054115295,"lcmd",0,"Middle","Index"
46,"10","IT","Yes",0.443634128571,"lcmd",1,"Index","Index"
47,"10","IT","No",1.12573409081,"lcmd",1,"Index","Middle"
48,"10","IT","Yes",0.518866825104,"lalt",1,"Middle","Middle"
49,"10","IT","Yes",0.543852996826,"lcmd",1,"Index","Index"
50,"10","IT","No",0.493890047073,"lalt",1,"Middle","Index"
51,"10","IT","No",0.641805124283,"lcmd",1,"Index","Middle"
52,"10","IT","Yes",0.517194843292,"lalt",1,"Middle","Middle"
53,"10","IT","No",0.58593416214,"lcmd",1,"Index","Middle"
54,"10","IT","Yes",0.465838098526,"lcmd",1,"Index","Index"
55,"10","IT","No",0.718247127533,"lalt",1,"Middle","Index"
56,"10","IT","Yes",0.48397102356,"lalt",1,"Middle","Middle"
57,"10","IT","No",0.521093893051,"lalt",1,"Middle","Index"
58,"10","IT","Yes",0.476795959473,"lcmd",1,"Index","Index"
59,"10","IT","No",0.495831012726,"lcmd",1,"Index","Middle"
60,"10","IT","Yes",0.480675077438,"lcmd",1,"Index","Index"
61,"10","IT","No",0.58120803833,"lcmd",1,"Index","Middle"
62,"10","IT","Yes",0.505328893661,"lalt",1,"Middle","Middle"
63,"10","IT","No",0.577705001831,"lalt",1,"Middle","Index"
64,"10","IT","Yes",0.466533088684,"lcmd",1,"Index","Index"
65,"10","IT","No",0.440215015411,"lalt",1,"Middle","Index"
66,"10","IT","Yes",0.454957771301,"lalt",1,"Middle","Middle"
67,"10","IT","No",0.367905950546,"lcmd",1,"Index","Middle"
68,"10","IT","Yes",0.511870098114,"lcmd",1,"Index","Index"
69,"10","IT","No",0.565057182312,"lcmd",1,"Index","Middle"
70,"10","IT","No",0.460816812515,"lalt",1,"Middle","Index"
71,"10","IT","Yes",0.454752874374,"lalt",1,"Middle","Middle"
72,"10","IT","Yes",0.384194040298,"lcmd",1,"Index","Index"
73,"10","IT","Yes",0.378222799301,"lalt",1,"Middle","Middle"
74,"10","IT","No",0.490377044678,"lalt",1,"Middle","Index"
75,"10","IT","No",0.455081892014,"lcmd",1,"Index","Middle"
76,"10","IT","No",0.474926996231,"lcmd",1,"Index","Middle"
77,"10","IT","No",0.490378189087,"lalt",1,"Middle","Index"
78,"10","IT","Yes",0.478513145447,"lalt",1,"Middle","Middle"
79,"10","IT","Yes",0.452553939819,"lcmd",1,"Index","Index"
0,"11","II","Yes",-15.560999918,"lcmd",1,"Index","Index"
1,"11","II","Yes",0.417090082169,"lalt",1,"Middle","Middle"
2,"11","II","No",0.418905067444,"lcmd",1,"Index","Middle"
3,"11","II","No",0.810398197174,"lalt",1,"Middle","Index"
4,"11","II","No",0.482468938828,"lalt",1,"Middle","Index"
5,"11","II","Yes",0.418761873245,"lalt",1,"Middle","Middle"
6,"11","II","Yes",0.485124874115,"lcmd",1,"Index","Index"
7,"11","II","No",0.414552974701,"lcmd",1,"Index","Middle"
8,"11","II","No",0.64143705368,"lalt",1,"Middle","Index"
9,"11","II","No",0.532242965698,"lcmd",1,"Index","Middle"
10,"11","II","Yes",0.446791982651,"lalt",1,"Middle","Middle"
11,"11","II","Yes",0.481585931778,"lcmd",1,"Index","Index"
12,"11","II","Yes",0.483863973618,"lalt",1,"Middle","Middle"
13,"11","II","No",0.480431938171,"lcmd",1,"Index","Middle"
14,"11","II","Yes",0.562961149216,"lcmd",1,"Index","Index"
15,"11","II","No",0.551066970825,"lalt",1,"Middle","Index"
16,"11","II","Yes",0.500108003616,"lalt",1,"Middle","Middle"
17,"11","II","No",0.371468019485,"lcmd",1,"Index","Middle"
18,"11","II","No",0.378004932404,"lalt",1,"Middle","Index"
19,"11","II","Yes",0.503340864181,"lalt",0,"Index","Index"
20,"11","II","Yes",0.406885147095,"lalt",1,"Middle","Middle"
21,"11","II","No",0.48388504982,"lalt",1,"Middle","Index"
22,"11","II","Yes",0.605209970474,"lcmd",1,"Index","Index"
23,"11","II","No",0.580994129181,"lcmd",1,"Index","Middle"
24,"11","II","No",0.552406978607,"lcmd",1,"Index","Middle"
25,"11","II","No",0.39012093544,"lalt",1,"Middle","Index"
26,"11","II","Yes",0.355231904983,"lalt",1,"Middle","Middle"
27,"11","II","Yes",0.3968791008,"lcmd",1,"Index","Index"
28,"11","II","No",0.431003046036,"lalt",1,"Middle","Index"
29,"11","II","Yes",0.49528002739,"lcmd",1,"Index","Index"
30,"11","II","No",0.458453083038,"lcmd",1,"Index","Middle"
31,"11","II","Yes",0.483739089966,"lalt",1,"Middle","Middle"
32,"11","II","No",0.532094812393,"lcmd",1,"Index","Middle"
33,"11","II","No",0.346851015091,"lalt",1,"Middle","Index"
34,"11","II","Yes",0.520909070969,"lcmd",1,"Index","Index"
35,"11","II","Yes",0.387201976776,"lalt",1,"Middle","Middle"
36,"11","II","Yes",0.338282966614,"lalt",1,"Middle","Middle"
37,"11","II","Yes",0.363606023788,"lcmd",1,"Index","Index"
38,"11","II","No",0.355555915832,"lcmd",1,"Index","Middle"
39,"11","II","No",0.34356803894,"lalt",1,"Middle","Index"
40,"11","II","Yes",0.480731153488,"lcmd",1,"Index","Index"
41,"11","II","No",0.404260110855,"lalt",1,"Middle","Index"
42,"11","II","Yes",0.500557994843,"lalt",1,"Middle","Middle"
43,"11","II","No",0.520134067535,"lcmd",1,"Index","Middle"
44,"11","II","Yes",0.417762088776,"lcmd",1,"Index","Index"
45,"11","II","Yes",0.376045084,"lalt",1,"Middle","Middle"
46,"11","II","No",0.540658903122,"lcmd",1,"Index","Middle"
47,"11","II","No",0.395896148682,"lalt",1,"Middle","Index"
48,"11","II","No",0.523959159851,"lcmd",1,"Index","Middle"
49,"11","II","Yes",0.61407995224,"lcmd",1,"Index","Index"
50,"11","II","Yes",0.428119087219,"lalt",1,"Middle","Middle"
51,"11","II","No",0.638512086868,"lalt",1,"Middle","Index"
52,"11","II","Yes",0.385656118393,"lcmd",1,"Index","Index"
53,"11","II","No",0.473468160629,"lcmd",1,"Index","Middle"
54,"11","II","Yes",0.520588064194,"lalt",1,"Middle","Middle"
55,"11","II","No",0.579095983505,"lalt",1,"Middle","Index"
56,"11","II","Yes",0.57675614357,"lalt",1,"Middle","Middle"
57,"11","II","Yes",0.451817178726,"lcmd",1,"Index","Index"
58,"11","II","No",0.424398088455,"lcmd",1,"Index","Middle"
59,"11","II","No",0.471092176437,"lalt",1,"Middle","Index"
60,"11","II","No",0.487928056717,"lcmd",1,"Index","Middle"
61,"11","II","Yes",0.467592048645,"lcmd",1,"Index","Index"
62,"11","II","No",0.390245008469,"lalt",1,"Middle","Index"
63,"11","II","Yes",0.486247110367,"lalt",1,"Middle","Middle"
64,"11","II","No",0.500995874405,"lcmd",1,"Index","Middle"
65,"11","II","Yes",0.405493068695,"lcmd",1,"Index","Index"
66,"11","II","Yes",0.441735029221,"lalt",1,"Middle","Middle"
67,"11","II","No",0.338165092468,"lalt",1,"Middle","Index"
68,"11","II","No",0.469910097122,"lalt",1,"Middle","Index"
69,"11","II","No",0.472964191437,"lcmd",1,"Index","Middle"
70,"11","II","Yes",0.463406801224,"lalt",1,"Middle","Middle"
71,"11","II","Yes",0.397113847732,"lcmd",1,"Index","Index"
72,"11","II","Yes",0.51862783432,"lcmd",1,"Index","Index"
73,"11","II","No",0.6009370327,"lalt",1,"Middle","Index"
74,"11","II","No",0.541329908371,"lcmd",1,"Index","Middle"
75,"11","II","Yes",0.415494060516,"lalt",1,"Middle","Middle"
76,"11","II","Yes",0.710906028748,"lalt",1,"Middle","Middle"
77,"11","II","No",0.417623186111,"lalt",1,"Middle","Index"
78,"11","II","No",0.448678922653,"lcmd",1,"Index","Middle"
79,"11","II","Yes",0.519240808487,"lcmd",1,"Index","Index"
0,"12","IT","Yes",-11.8052340031,"lalt",1,"Middle","Middle"
1,"12","IT","Yes",0.493166971207,"lcmd",1,"Index","Index"
2,"12","IT","No",0.429514884949,"lalt",1,"Middle","Index"
3,"12","IT","No",0.570234870911,"lcmd",1,"Index","Middle"
4,"12","IT","No",0.511541938782,"lalt",1,"Middle","Index"
5,"12","IT","No",0.732920980454,"lcmd",1,"Index","Middle"
6,"12","IT","Yes",0.476627063751,"lalt",1,"Middle","Middle"
7,"12","IT","Yes",0.514590835571,"lcmd",1,"Index","Index"
8,"12","IT","No",0.496834993362,"lcmd",1,"Index","Middle"
9,"12","IT","Yes",0.424460983276,"lalt",1,"Middle","Middle"
10,"12","IT","Yes",0.56075387001,"lcmd",1,"Index","Index"
11,"12","IT","No",0.465808916092,"lalt",1,"Middle","Index"
12,"12","IT","No",0.470874071121,"lalt",1,"Middle","Index"
13,"12","IT","No",0.453535890579,"lcmd",1,"Index","Middle"
14,"12","IT","Yes",0.510785913467,"lalt",1,"Middle","Middle"
15,"12","IT","Yes",0.489460086823,"lcmd",1,"Index","Index"
16,"12","IT","No",0.444134950638,"lalt",1,"Middle","Index"
17,"12","IT","Yes",0.470944166183,"lcmd",1,"Index","Index"
18,"12","IT","Yes",0.406889867783,"lalt",1,"Middle","Middle"
19,"12","IT","No",0.406895065308,"lcmd",1,"Index","Middle"
20,"12","IT","Yes",0.421157979965,"lalt",1,"Middle","Middle"
21,"12","IT","Yes",0.519424057007,"lcmd",1,"Index","Index"
22,"12","IT","No",0.489116001129,"lalt",1,"Middle","Index"
23,"12","IT","No",0.461016082764,"lcmd",1,"Index","Middle"
24,"12","IT","No",0.50994887352,"lcmd",1,"Index","Middle"
25,"12","IT","Yes",0.447296094894,"lalt",1,"Middle","Middle"
26,"12","IT","No",0.485746192932,"lalt",1,"Middle","Index"
27,"12","IT","Yes",0.476381015778,"lcmd",1,"Index","Index"
28,"12","IT","Yes",0.418773889542,"lcmd",1,"Index","Index"
29,"12","IT","No",0.466472101212,"lcmd",1,"Index","Middle"
30,"12","IT","No",0.392047119141,"lalt",1,"Middle","Index"
31,"12","IT","Yes",0.409060049057,"lcmd",0,"Middle","Middle"
32,"12","IT","No",0.535785150528,"lcmd",1,"Index","Middle"
33,"12","IT","Yes",0.515188980102,"lcmd",1,"Index","Index"
34,"12","IT","Yes",0.450520086288,"lalt",1,"Middle","Middle"
35,"12","IT","No",0.517469072342,"lalt",1,"Middle","Index"
36,"12","IT","No",0.540335941315,"lcmd",1,"Index","Middle"
37,"12","IT","No",0.528491020203,"lalt",1,"Middle","Index"
38,"12","IT","Yes",0.514304971695,"lalt",1,"Middle","Middle"
39,"12","IT","Yes",0.415154933929,"lcmd",1,"Index","Index"
40,"12","IT","Yes",0.529552221298,"lcmd",1,"Index","Index"
41,"12","IT","No",0.563601207733,"lcmd",1,"Index","Middle"
42,"12","IT","Yes",0.426062011719,"lalt",1,"Middle","Middle"
43,"12","IT","No",0.512354803085,"lalt",1,"Middle","Index"
44,"12","IT","Yes",0.617863988876,"lcmd",1,"Index","Index"
45,"12","IT","No",0.483527851105,"lcmd",1,"Index","Middle"
46,"12","IT","No",0.496869850159,"lalt",1,"Middle","Index"
47,"12","IT","Yes",0.484337043762,"lalt",1,"Middle","Middle"
48,"12","IT","Yes",0.517033004761,"lalt",1,"Middle","Middle"
49,"12","IT","Yes",0.579361820221,"lcmd",1,"Index","Index"
50,"12","IT","No",0.505263853073,"lalt",1,"Middle","Index"
51,"12","IT","No",0.620429134369,"lcmd",1,"Index","Middle"
52,"12","IT","Yes",0.681256961823,"lcmd",1,"Index","Index"
53,"12","IT","No",0.51188416481,"lalt",1,"Middle","Index"
54,"12","IT","Yes",0.45449590683,"lalt",1,"Middle","Middle"
55,"12","IT","No",0.537848949432,"lcmd",1,"Index","Middle"
56,"12","IT","No",0.487100076675,"lcmd",1,"Index","Middle"
57,"12","IT","Yes",0.753266954422,"lcmd",1,"Index","Index"
58,"12","IT","No",0.48842291832,"lalt",1,"Middle","Index"
59,"12","IT","Yes",0.478906011581,"lalt",1,"Middle","Middle"
60,"12","IT","No",0.510929012299,"lcmd",1,"Index","Middle"
61,"12","IT","Yes",0.917764997482,"lcmd",1,"Index","Index"
62,"12","IT","No",0.498352146149,"lalt",1,"Middle","Index"
63,"12","IT","Yes",0.523259973526,"lalt",1,"Middle","Middle"
64,"12","IT","Yes",0.433715963364,"lcmd",1,"Index","Index"
65,"12","IT","Yes",0.390530014038,"lalt",1,"Middle","Middle"
66,"12","IT","No",0.562246894836,"lalt",1,"Middle","Index"
67,"12","IT","No",0.482395887375,"lalt",0,"Index","Middle"
68,"12","IT","Yes",0.587912034988,"lalt",1,"Middle","Middle"
69,"12","IT","No",0.523349952698,"lalt",1,"Middle","Index"
70,"12","IT","Yes",0.675294971466,"lcmd",1,"Index","Index"
71,"12","IT","No",0.582375097275,"lcmd",1,"Index","Middle"
72,"12","IT","No",0.586607885361,"lcmd",1,"Index","Middle"
73,"12","IT","Yes",0.53675198555,"lalt",1,"Middle","Middle"
74,"12","IT","Yes",0.538757896423,"lcmd",1,"Index","Index"
75,"12","IT","No",0.436298131943,"lalt",1,"Middle","Index"
76,"12","IT","Yes",0.513644838333,"lalt",1,"Middle","Middle"
77,"12","IT","No",0.550382089615,"lalt",1,"Middle","Index"
78,"12","IT","No",0.499681997299,"lcmd",1,"Index","Middle"
79,"12","IT","Yes",0.613021087647,"lcmd",1,"Index","Index"
0,"13","II","No",-22.2378119946,"lalt",1,"Middle","Index"
1,"13","II","No",0.623057079315,"lcmd",1,"Index","Middle"
2,"13","II","Yes",0.705060052872,"lalt",1,"Middle","Middle"
3,"13","II","Yes",0.57852191925,"lcmd",1,"Index","Index"
4,"13","II","No",0.685823106766,"lalt",1,"Middle","Index"
5,"13","II","Yes",0.652838993073,"lalt",1,"Middle","Middle"
6,"13","II","No",0.580761146545,"lcmd",1,"Index","Middle"
7,"13","II","Yes",0.716879987717,"lcmd",1,"Index","Index"
8,"13","II","Yes",0.588652992249,"lcmd",1,"Index","Index"
9,"13","II","Yes",0.638219928741,"lalt",1,"Middle","Middle"
10,"13","II","No",0.596857023239,"lcmd",1,"Index","Middle"
11,"13","II","No",0.547288036346,"lalt",1,"Middle","Index"
12,"13","II","Yes",0.541315078735,"lcmd",1,"Index","Index"
13,"13","II","No",0.504199934006,"lalt",1,"Middle","Index"
14,"13","II","No",0.551861095428,"lcmd",1,"Index","Middle"
15,"13","II","Yes",0.610864114761,"lalt",1,"Middle","Middle"
16,"13","II","Yes",0.612498950958,"lalt",1,"Middle","Middle"
17,"13","II","Yes",0.629450082779,"lcmd",1,"Index","Index"
18,"13","II","No",0.621162033081,"lalt",1,"Middle","Index"
19,"13","II","No",0.625674915314,"lcmd",1,"Index","Middle"
20,"13","II","No",0.613922071457,"lcmd",1,"Index","Middle"
21,"13","II","Yes",0.796385860443,"lalt",1,"Middle","Middle"
22,"13","II","Yes",0.563369894028,"lcmd",1,"Index","Index"
23,"13","II","No",0.703188085556,"lalt",1,"Middle","Index"
24,"13","II","Yes",0.682993078232,"lalt",1,"Middle","Middle"
25,"13","II","No",0.574042892456,"lcmd",1,"Index","Middle"
26,"13","II","No",0.587525081635,"lalt",1,"Middle","Index"
27,"13","II","Yes",0.735435914993,"lcmd",1,"Index","Index"
28,"13","II","No",0.627817821503,"lcmd",1,"Index","Middle"
29,"13","II","No",0.648611974716,"lalt",1,"Middle","Index"
30,"13","II","Yes",0.755972909927,"lalt",1,"Middle","Middle"
31,"13","II","Yes",0.653568935394,"lcmd",1,"Index","Index"
32,"13","II","No",0.731109952927,"lcmd",1,"Index","Middle"
33,"13","II","No",0.704507780075,"lalt",1,"Middle","Index"
34,"13","II","Yes",0.686321973801,"lalt",1,"Middle","Middle"
35,"13","II","Yes",0.538490009308,"lcmd",1,"Index","Index"
36,"13","II","Yes",0.582173109055,"lcmd",1,"Index","Index"
37,"13","II","No",0.687925052643,"lalt",1,"Middle","Index"
38,"13","II","Yes",0.676117992401,"lalt",1,"Middle","Middle"
39,"13","II","No",0.621941804886,"lcmd",1,"Index","Middle"
40,"13","II","Yes",0.639949989319,"lcmd",1,"Index","Index"
41,"13","II","No",0.680107975006,"lalt",1,"Middle","Index"
42,"13","II","Yes",0.641445112228,"lalt",1,"Middle","Middle"
43,"13","II","No",0.711890077591,"lcmd",1,"Index","Middle"
44,"13","II","Yes",0.56155500412,"lalt",1,"Middle","Middle"
45,"13","II","Yes",0.570909070969,"lcmd",1,"Index","Index"
46,"13","II","No",0.584560108185,"lcmd",1,"Index","Middle"
47,"13","II","No",0.609740066528,"lalt",1,"Middle","Index"
48,"13","II","Yes",0.636945056915,"lcmd",1,"Index","Index"
49,"13","II","No",0.579186105728,"lcmd",1,"Index","Middle"
50,"13","II","No",0.629687070847,"lalt",1,"Middle","Index"
51,"13","II","Yes",0.625579929352,"lalt",1,"Middle","Middle"
52,"13","II","No",0.639576053619,"lalt",1,"Middle","Index"
53,"13","II","No",0.724736070633,"lcmd",1,"Index","Middle"
54,"13","II","Yes",0.691097021103,"lalt",1,"Middle","Middle"
55,"13","II","Yes",0.67963385582,"lcmd",1,"Index","Index"
56,"13","II","Yes",0.716464042664,"lcmd",1,"Index","Index"
57,"13","II","No",0.606401109695,"lcmd",1,"Index","Middle"
58,"13","II","No",0.671506977081,"lalt",1,"Middle","Index"
59,"13","II","Yes",0.650514984131,"lalt",1,"Middle","Middle"
60,"13","II","No",0.597398996353,"lcmd",1,"Index","Middle"
61,"13","II","Yes",0.651866006851,"lcmd",1,"Index","Index"
62,"13","II","No",0.644777917862,"lalt",1,"Middle","Index"
63,"13","II","Yes",0.574229955673,"lalt",1,"Middle","Middle"
64,"13","II","No",0.605632162094,"lalt",1,"Middle","Index"
65,"13","II","Yes",0.6024559021,"lcmd",1,"Index","Index"
66,"13","II","No",0.588318872452,"lcmd",1,"Index","Middle"
67,"13","II","Yes",0.675524950027,"lalt",1,"Middle","Middle"
68,"13","II","Yes",0.624303102493,"lcmd",1,"Index","Index"
69,"13","II","No",0.587109184265,"lalt",1,"Middle","Index"
70,"13","II","No",0.650883960724,"lcmd",1,"Index","Middle"
71,"13","II","Yes",0.681996965408,"lalt",1,"Middle","Middle"
72,"13","II","Yes",0.556751203537,"lalt",1,"Middle","Middle"
73,"13","II","Yes",0.56654381752,"lcmd",1,"Index","Index"
74,"13","II","No",0.552138996124,"lcmd",1,"Index","Middle"
75,"13","II","No",0.453353977203,"lalt",1,"Middle","Index"
76,"13","II","No",0.569161939621,"lalt",1,"Middle","Index"
77,"13","II","Yes",0.578596067429,"lalt",1,"Middle","Middle"
78,"13","II","Yes",0.615997982025,"lcmd",1,"Index","Index"
79,"13","II","No",0.674258089066,"lcmd",1,"Index","Middle"
0,"14","IT","Yes",0.830207824707,"lcmd",1,"Index","Index"
1,"14","IT","No",0.489061975479,"lalt",1,"Middle","Index"
2,"14","IT","Yes",0.44244594574,"lalt",1,"Middle","Middle"
3,"14","IT","No",0.399852848053,"lcmd",1,"Index","Middle"
4,"14","IT","Yes",0.537699985504,"lcmd",0,"Middle","Middle"
5,"14","IT","No",0.490402173996,"lcmd",1,"Index","Middle"
6,"14","IT","Yes",0.543549060822,"lcmd",1,"Index","Index"
7,"14","IT","No",0.462207984924,"lalt",1,"Middle","Index"
8,"14","IT","Yes",0.512298154831,"lalt",1,"Middle","Middle"
9,"14","IT","Yes",0.414233016968,"lcmd",1,"Index","Index"
10,"14","IT","No",0.430837202072,"lcmd",1,"Index","Middle"
11,"14","IT","No",0.513165998459,"lalt",1,"Middle","Index"
12,"14","IT","Yes",0.513295841217,"lalt",1,"Middle","Middle"
13,"14","IT","Yes",0.549333000183,"lalt",0,"Index","Index"
14,"14","IT","No",0.54774889946,"lcmd",1,"Index","Middle"
15,"14","IT","No",0.459447813034,"lalt",1,"Middle","Index"
16,"14","IT","No",0.482398176193,"lcmd",1,"Index","Middle"
17,"14","IT","Yes",0.452768182755,"lcmd",1,"Index","Index"
18,"14","IT","Yes",0.474728059769,"lalt",1,"Middle","Middle"
19,"14","IT","No",0.545418024063,"lalt",1,"Middle","Index"
20,"14","IT","Yes",0.498389911652,"lalt",1,"Middle","Middle"
21,"14","IT","No",0.477573013306,"lcmd",1,"Index","Middle"
22,"14","IT","No",0.521265077591,"lalt",1,"Middle","Index"
23,"14","IT","Yes",0.424499130249,"lcmd",1,"Index","Index"
24,"14","IT","Yes",0.56106505394,"lcmd",1,"Index","Index"
25,"14","IT","No",0.540910148621,"lalt",1,"Middle","Index"
26,"14","IT","No",0.543026924133,"lcmd",1,"Index","Middle"
27,"14","IT","Yes",0.535872983933,"lalt",1,"Middle","Middle"
28,"14","IT","Yes",0.577490997314,"lcmd",1,"Index","Index"
29,"14","IT","Yes",0.516737985611,"lalt",1,"Middle","Middle"
30,"14","IT","No",0.51473698616,"lcmd",1,"Index","Middle"
31,"14","IT","No",0.476841783524,"lalt",1,"Middle","Index"
32,"14","IT","No",0.454305028915,"lcmd",1,"Index","Middle"
33,"14","IT","Yes",0.458101844788,"lalt",1,"Middle","Middle"
34,"14","IT","Yes",0.421960878372,"lcmd",1,"Index","Index"
35,"14","IT","No",0.642485952377,"lcmd",0,"Middle","Index"
36,"14","IT","Yes",0.620843219757,"lcmd",1,"Index","Index"
37,"14","IT","Yes",0.507587003708,"lalt",1,"Middle","Middle"
38,"14","IT","No",0.499398851395,"lcmd",1,"Index","Middle"
39,"14","IT","No",0.647870016098,"lalt",1,"Middle","Index"
40,"14","IT","Yes",0.572182941437,"lalt",1,"Middle","Middle"
41,"14","IT","No",0.524139881134,"lcmd",1,"Index","Middle"
42,"14","IT","No",0.515615034103,"lalt",1,"Middle","Index"
43,"14","IT","Yes",0.543450880051,"lcmd",1,"Index","Index"
44,"14","IT","No",0.466166210175,"lalt",1,"Middle","Index"
45,"14","IT","No",0.47748298645,"lcmd",1,"Index","Middle"
46,"14","IT","Yes",0.559313058853,"lalt",1,"Middle","Middle"
47,"14","IT","Yes",0.492446994782,"lcmd",1,"Index","Index"
48,"14","IT","Yes",0.523292970657,"lalt",1,"Middle","Middle"
49,"14","IT","No",0.493331050873,"lcmd",1,"Index","Middle"
50,"14","IT","No",0.621779966354,"lalt",1,"Middle","Index"
51,"14","IT","Yes",0.508878087997,"lcmd",1,"Index","Index"
52,"14","IT","No",0.508743953705,"lalt",1,"Middle","Index"
53,"14","IT","Yes",0.404447126389,"lcmd",1,"Index","Index"
54,"14","IT","No",0.863496875763,"lcmd",1,"Index","Middle"
55,"14","IT","Yes",0.455232048035,"lalt",1,"Middle","Middle"
56,"14","IT","Yes",0.46127204895,"lalt",1,"Middle","Middle"
57,"14","IT","No",0.569732046127,"lcmd",1,"Index","Middle"
58,"14","IT","Yes",0.446709012985,"lcmd",1,"Index","Index"
59,"14","IT","No",0.515748119354,"lalt",1,"Middle","Index"
60,"14","IT","Yes",0.54073805809,"lcmd",1,"Index","Index"
61,"14","IT","No",0.594974994659,"lcmd",1,"Index","Middle"
62,"14","IT","No",0.446457862854,"lalt",1,"Middle","Index"
63,"14","IT","Yes",0.53873705864,"lalt",1,"Middle","Middle"
64,"14","IT","Yes",0.77682390213,"lalt",1,"Middle","Middle"
65,"14","IT","Yes",0.581873989105,"lcmd",1,"Index","Index"
66,"14","IT","No",0.520166969299,"lcmd",1,"Index","Middle"
67,"14","IT","No",0.548378896713,"lalt",1,"Middle","Index"
68,"14","IT","No",0.611866998672,"lalt",1,"Middle","Index"
69,"14","IT","Yes",0.474071073532,"lcmd",1,"Index","Index"
70,"14","IT","Yes",0.554903078079,"lalt",1,"Middle","Middle"
71,"14","IT","No",0.575403022766,"lcmd",1,"Index","Middle"
72,"14","IT","Yes",0.487906885147,"lcmd",1,"Index","Index"
73,"14","IT","Yes",0.533300924301,"lcmd",0,"Middle","Middle"
74,"14","IT","No",0.649143028259,"lcmd",1,"Index","Middle"
75,"14","IT","No",0.708155012131,"lalt",1,"Middle","Index"
76,"14","IT","Yes",0.517013025284,"lalt",1,"Middle","Middle"
77,"14","IT","No",0.573313999176,"lalt",1,"Middle","Index"
78,"14","IT","No",0.357161951065,"lcmd",1,"Index","Middle"
79,"14","IT","Yes",0.631614017487,"lcmd",1,"Index","Index"
0,"15","II","No",0.739262104034,"lcmd",1,"Index","Middle"
1,"15","II","No",0.483640098572,"lalt",1,"Middle","Index"
2,"15","II","Yes",0.592977905273,"lcmd",1,"Index","Index"
3,"15","II","Yes",0.440736913681,"lalt",1,"Middle","Middle"
4,"15","II","No",0.570558929443,"lcmd",1,"Index","Middle"
5,"15","II","Yes",0.568163919449,"lcmd",1,"Index","Index"
6,"15","II","No",0.600787973404,"lalt",1,"Middle","Index"
7,"15","II","Yes",0.440641975403,"lalt",1,"Middle","Middle"
8,"15","II","Yes",0.435291051865,"lcmd",1,"Index","Index"
9,"15","II","Yes",0.559352016449,"lalt",1,"Middle","Middle"
10,"15","II","No",0.755294036865,"lcmd",1,"Index","Middle"
11,"15","II","No",0.642570018768,"lalt",1,"Middle","Index"
12,"15","II","Yes",0.522616052628,"lalt",1,"Middle","Middle"
13,"15","II","No",0.766236925125,"lcmd",1,"Index","Middle"
14,"15","II","Yes",0.631129837036,"lcmd",1,"Index","Index"
15,"15","II","No",0.546793174744,"lalt",1,"Middle","Index"
16,"15","II","Yes",0.509029006958,"lalt",1,"Middle","Middle"
17,"15","II","Yes",0.902156162262,"lcmd",1,"Index","Index"
18,"15","II","No",0.543806123733,"lcmd",1,"Index","Middle"
19,"15","II","No",0.457277870178,"lalt",1,"Middle","Index"
20,"15","II","No",0.602637863159,"lalt",1,"Middle","Index"
21,"15","II","Yes",0.664867830277,"lcmd",1,"Index","Index"
22,"15","II","No",0.576666069031,"lcmd",1,"Index","Middle"
23,"15","II","Yes",0.513254165649,"lalt",1,"Middle","Middle"
24,"15","II","No",0.557142829895,"lalt",1,"Middle","Index"
25,"15","II","Yes",0.617522859573,"lcmd",1,"Index","Index"
26,"15","II","Yes",0.571010017395,"lalt",1,"Middle","Middle"
27,"15","II","No",0.632967853546,"lcmd",1,"Index","Middle"
28,"15","II","Yes",0.766544008255,"lalt",1,"Middle","Middle"
29,"15","II","No",0.850469923019,"lalt",1,"Middle","Index"
30,"15","II","Yes",0.609946060181,"lcmd",1,"Index","Index"
31,"15","II","No",0.640385007858,"lcmd",1,"Index","Middle"
32,"15","II","Yes",0.450028038025,"lcmd",1,"Index","Index"
33,"15","II","No",0.71053404808,"lcmd",1,"Index","Middle"
34,"15","II","No",0.457198858261,"lalt",1,"Middle","Index"
35,"15","II","Yes",0.377832984924,"lalt",1,"Middle","Middle"
36,"15","II","No",0.61602101326,"lalt",1,"Middle","Index"
37,"15","II","Yes",0.482326030731,"lalt",1,"Middle","Middle"
38,"15","II","Yes",0.510206842422,"lcmd",1,"Index","Index"
39,"15","II","No",0.54643406868,"lcmd",1,"Index","Middle"
40,"15","II","Yes",0.67286400795,"lalt",1,"Middle","Middle"
41,"15","II","No",0.668767929077,"lcmd",1,"Index","Middle"
42,"15","II","Yes",0.419664049149,"lcmd",1,"Index","Index"
43,"15","II","No",0.565064048767,"lalt",1,"Middle","Index"
44,"15","II","No",0.558950853348,"lcmd",1,"Index","Middle"
45,"15","II","Yes",0.55506811142,"lalt",1,"Middle","Middle"
46,"15","II","No",0.63877286911,"lalt",1,"Middle","Index"
47,"15","II","Yes",0.597800016403,"lcmd",1,"Index","Index"
48,"15","II","Yes",0.548365020752,"lalt",1,"Middle","Middle"
49,"15","II","No",0.597230148315,"lalt",1,"Middle","Index"
50,"15","II","No",0.670446920395,"lcmd",1,"Index","Middle"
51,"15","II","Yes",0.687030982971,"lcmd",1,"Index","Index"
52,"15","II","Yes",0.498118877411,"lcmd",1,"Index","Index"
53,"15","II","Yes",0.381854915619,"lalt",1,"Middle","Middle"
54,"15","II","No",0.546902990341,"lalt",1,"Middle","Index"
55,"15","II","No",0.447409057617,"lcmd",1,"Index","Middle"
56,"15","II","No",0.47882194519,"lalt",1,"Middle","Index"
57,"15","II","No",0.532040977478,"lcmd",1,"Index","Middle"
58,"15","II","Yes",0.484643030167,"lcmd",1,"Index","Index"
59,"15","II","Yes",0.487507867813,"lalt",1,"Middle","Middle"
60,"15","II","Yes",0.604841947556,"lalt",1,"Middle","Middle"
61,"15","II","No",0.55466799736,"lalt",1,"Middle","Index"
62,"15","II","Yes",0.441868019104,"lcmd",1,"Index","Index"
63,"15","II","No",0.621445846558,"lcmd",1,"Index","Middle"
64,"15","II","Yes",0.532490921021,"lcmd",1,"Index","Index"
65,"15","II","No",0.59880695343,"lalt",1,"Middle","Index"
66,"15","II","Yes",0.605109834671,"lalt",1,"Middle","Middle"
67,"15","II","No",0.517588949204,"lcmd",1,"Index","Middle"
68,"15","II","No",0.550937128067,"lcmd",1,"Index","Middle"
69,"15","II","Yes",0.651941967011,"lcmd",1,"Index","Index"
70,"15","II","No",0.864114952087,"lalt",1,"Middle","Index"
71,"15","II","Yes",0.497386980057,"lalt",1,"Middle","Middle"
72,"15","II","Yes",0.504909038544,"lcmd",1,"Index","Index"
73,"15","II","No",0.532461833954,"lalt",1,"Middle","Index"
74,"15","II","No",0.720755052567,"lcmd",1,"Index","Middle"
75,"15","II","Yes",0.643405199051,"lalt",1,"Middle","Middle"
76,"15","II","No",0.711437082291,"lalt",1,"Middle","Index"
77,"15","II","No",0.538376951218,"lcmd",1,"Index","Middle"
78,"15","II","Yes",0.584555006027,"lalt",1,"Middle","Middle"
79,"15","II","Yes",0.501557922363,"lcmd",1,"Index","Index"
0,"2","IT","Yes",-5.26503095627,"lcmd",0,"Middle","Middle"
1,"2","IT","No",0.460205030441,"lalt",1,"Middle","Index"
2,"2","IT","No",0.425823831558,"lcmd",1,"Index","Middle"
3,"2","IT","Yes",0.451656961441,"lcmd",1,"Index","Index"
4,"2","IT","Yes",0.427900934219,"lcmd",1,"Index","Index"
5,"2","IT","Yes",0.444539022446,"lalt",1,"Middle","Middle"
6,"2","IT","No",0.348041009903,"lcmd",1,"Index","Middle"
7,"2","IT","No",0.415144968033,"lalt",1,"Middle","Index"
8,"2","IT","No",0.450255012512,"lalt",1,"Middle","Index"
9,"2","IT","Yes",0.474401044846,"lalt",1,"Middle","Middle"
10,"2","IT","No",0.433822965622,"lcmd",1,"Index","Middle"
11,"2","IT","Yes",0.443905067444,"lcmd",1,"Index","Index"
12,"2","IT","Yes",0.588577890396,"lalt",1,"Middle","Middle"
13,"2","IT","No",0.43580493927,"lalt",1,"Middle","Index"
14,"2","IT","Yes",0.457545995712,"lalt",0,"Index","Index"
15,"2","IT","No",0.495370006561,"lcmd",1,"Index","Middle"
16,"2","IT","No",0.51807308197,"lalt",1,"Middle","Index"
17,"2","IT","No",0.433641910553,"lcmd",1,"Index","Middle"
18,"2","IT","Yes",0.368601179123,"lalt",1,"Middle","Middle"
19,"2","IT","Yes",0.429457092285,"lcmd",1,"Index","Index"
20,"2","IT","Yes",0.365535163879,"lalt",1,"Middle","Middle"
21,"2","IT","Yes",0.351389026642,"lcmd",1,"Index","Index"
22,"2","IT","No",0.428830003738,"lalt",0,"Index","Middle"
23,"2","IT","No",0.450013065338,"lalt",1,"Middle","Index"
24,"2","IT","No",0.52830414772,"lalt",1,"Middle","Index"
25,"2","IT","No",0.506992053986,"lcmd",1,"Index","Middle"
26,"2","IT","Yes",0.367031049728,"lalt",1,"Middle","Middle"
27,"2","IT","Yes",0.443407011032,"lcmd",1,"Index","Index"
28,"2","IT","Yes",0.417891979218,"lalt",1,"Middle","Middle"
29,"2","IT","No",0.439078903198,"lcmd",0,"Middle","Index"
30,"2","IT","No",0.503214931488,"lcmd",1,"Index","Middle"
31,"2","IT","Yes",0.447834968567,"lcmd",1,"Index","Index"
32,"2","IT","Yes",0.390799045563,"lalt",1,"Middle","Middle"
33,"2","IT","Yes",0.401926994324,"lcmd",1,"Index","Index"
34,"2","IT","No",0.511492776871,"lcmd",1,"Index","Middle"
35,"2","IT","No",0.490406942368,"lalt",1,"Middle","Index"
36,"2","IT","No",0.43025894165,"lcmd",1,"Index","Middle"
37,"2","IT","Yes",0.452105140686,"lcmd",1,"Index","Index"
38,"2","IT","Yes",0.462109947205,"lalt",1,"Middle","Middle"
39,"2","IT","No",0.664272069931,"lalt",1,"Middle","Index"
40,"2","IT","Yes",0.484280872345,"lalt",1,"Middle","Middle"
41,"2","IT","Yes",0.395676088333,"lcmd",1,"Index","Index"
42,"2","IT","No",0.410740041733,"lalt",1,"Middle","Index"
43,"2","IT","No",0.656316041946,"lcmd",1,"Index","Middle"
44,"2","IT","Yes",0.413679122925,"lalt",1,"Middle","Middle"
45,"2","IT","No",0.509243965149,"lalt",1,"Middle","Index"
46,"2","IT","No",0.571943092346,"lcmd",1,"Index","Middle"
47,"2","IT","Yes",0.438093996048,"lcmd",1,"Index","Index"
48,"2","IT","Yes",0.452342128754,"lcmd",1,"Index","Index"
49,"2","IT","No",0.507016897202,"lcmd",1,"Index","Middle"
50,"2","IT","No",0.52625617981,"lalt",1,"Middle","Index"
51,"2","IT","Yes",0.480744934082,"lalt",1,"Middle","Middle"
52,"2","IT","No",0.370481872559,"lcmd",1,"Index","Middle"
53,"2","IT","Yes",0.463139057159,"lalt",1,"Middle","Middle"
54,"2","IT","Yes",0.408645057678,"lcmd",1,"Index","Index"
55,"2","IT","No",0.406626939774,"lalt",1,"Middle","Index"
56,"2","IT","No",0.356090974808,"lcmd",1,"Index","Middle"
57,"2","IT","Yes",0.43787894249,"lcmd",1,"Index","Index"
58,"2","IT","Yes",0.364772987366,"lalt",1,"Middle","Middle"
59,"2","IT","No",0.411732149124,"lcmd",0,"Middle","Index"
60,"2","IT","Yes",0.42751994133,"lcmd",1,"Index","Index"
61,"2","IT","No",0.419339895248,"lcmd",1,"Index","Middle"
62,"2","IT","Yes",0.357174158096,"lalt",1,"Middle","Middle"
63,"2","IT","No",0.388444852829,"lcmd",0,"Middle","Index"
64,"2","IT","Yes",0.456300878525,"lcmd",1,"Index","Index"
65,"2","IT","Yes",0.397453975678,"lalt",1,"Middle","Middle"
66,"2","IT","No",0.486080026627,"lcmd",0,"Middle","Index"
67,"2","IT","No",0.456655931473,"lcmd",1,"Index","Middle"
68,"2","IT","No",0.389796829224,"lcmd",1,"Index","Middle"
69,"2","IT","Yes",0.446365022659,"lalt",1,"Middle","Middle"
70,"2","IT","No",0.457482004166,"lalt",1,"Middle","Index"
71,"2","IT","Yes",0.426844978332,"lcmd",1,"Index","Index"
72,"2","IT","No",0.412039041519,"lcmd",1,"Index","Middle"
73,"2","IT","No",0.44654917717,"lalt",1,"Middle","Index"
74,"2","IT","Yes",0.418120002747,"lalt",1,"Middle","Middle"
75,"2","IT","Yes",0.318933868408,"lcmd",1,"Index","Index"
76,"2","IT","Yes",0.448922014236,"lcmd",1,"Index","Index"
77,"2","IT","No",0.460109043121,"lalt",1,"Middle","Index"
78,"2","IT","No",0.496307086945,"lcmd",1,"Index","Middle"
79,"2","IT","Yes",0.441329956055,"lalt",1,"Middle","Middle"
0,"3","II","No",0.5288189888,"lalt",1,"Middle","Index"
1,"3","II","No",0.504836034775,"lcmd",1,"Index","Middle"
2,"3","II","Yes",0.391747093201,"lalt",1,"Middle","Middle"
3,"3","II","Yes",0.463397169113,"lcmd",1,"Index","Index"
4,"3","II","Yes",0.567072057724,"lalt",1,"Middle","Middle"
5,"3","II","Yes",0.490997982025,"lcmd",1,"Index","Index"
6,"3","II","No",0.43383898735,"lalt",1,"Middle","Index"
7,"3","II","No",0.557134103775,"lcmd",1,"Index","Middle"
8,"3","II","No",0.45879907608,"lalt",1,"Middle","Index"
9,"3","II","No",0.510220003128,"lcmd",1,"Index","Middle"
10,"3","II","Yes",0.530847978592,"lcmd",1,"Index","Index"
11,"3","II","Yes",0.425791168213,"lalt",1,"Middle","Middle"
12,"3","II","No",0.467240858078,"lalt",1,"Middle","Index"
13,"3","II","No",0.534474945068,"lcmd",1,"Index","Middle"
14,"3","II","Yes",0.419074964523,"lalt",1,"Middle","Middle"
15,"3","II","Yes",0.489718103409,"lcmd",1,"Index","Index"
16,"3","II","No",0.444875001907,"lcmd",1,"Index","Middle"
17,"3","II","Yes",0.554694032669,"lcmd",1,"Index","Index"
18,"3","II","Yes",0.441118907928,"lalt",1,"Middle","Middle"
19,"3","II","No",0.469089126587,"lalt",1,"Middle","Index"
20,"3","II","No",0.467985010147,"lcmd",1,"Index","Middle"
21,"3","II","Yes",0.477468109131,"lalt",1,"Middle","Middle"
22,"3","II","Yes",0.470293998718,"lcmd",1,"Index","Index"
23,"3","II","No",0.901549196243,"lalt",1,"Middle","Index"
24,"3","II","No",0.463342094421,"lcmd",1,"Index","Middle"
25,"3","II","Yes",0.518958902359,"lcmd",1,"Index","Index"
26,"3","II","No",0.461637926102,"lalt",1,"Middle","Index"
27,"3","II","Yes",0.587700986862,"lalt",1,"Middle","Middle"
28,"3","II","No",0.498098087311,"lalt",1,"Middle","Index"
29,"3","II","Yes",0.443375062942,"lcmd",1,"Index","Index"
30,"3","II","No",0.461014080048,"lcmd",1,"Index","Middle"
31,"3","II","Yes",0.440553188324,"lalt",1,"Middle","Middle"
32,"3","II","Yes",0.417110109329,"lalt",1,"Middle","Middle"
33,"3","II","No",0.456484079361,"lalt",1,"Middle","Index"
34,"3","II","Yes",0.409341001511,"lcmd",1,"Index","Index"
35,"3","II","No",0.480680942535,"lcmd",1,"Index","Middle"
36,"3","II","No",0.529115867615,"lalt",1,"Middle","Index"
37,"3","II","Yes",0.479283094406,"lcmd",1,"Index","Index"
38,"3","II","Yes",0.427659130096,"lalt",1,"Middle","Middle"
39,"3","II","No",0.490363073349,"lcmd",1,"Index","Middle"
40,"3","II","Yes",0.451526117325,"lalt",1,"Middle","Middle"
41,"3","II","No",0.521620082855,"lcmd",1,"Index","Middle"
42,"3","II","No",0.445512056351,"lalt",1,"Middle","Index"
43,"3","II","Yes",0.433550024033,"lcmd",1,"Index","Index"
44,"3","II","No",0.49542183876,"lcmd",1,"Index","Middle"
45,"3","II","Yes",0.468213891983,"lcmd",1,"Index","Index"
46,"3","II","Yes",0.416955947876,"lalt",1,"Middle","Middle"
47,"3","II","No",0.42452788353,"lalt",1,"Middle","Index"
48,"3","II","No",0.480763149262,"lcmd",1,"Index","Middle"
49,"3","II","Yes",0.466413927078,"lcmd",1,"Index","Index"
50,"3","II","Yes",0.584658908844,"lalt",1,"Middle","Middle"
51,"3","II","No",0.466945886612,"lalt",1,"Middle","Index"
52,"3","II","No",0.505112123489,"lalt",1,"Middle","Index"
53,"3","II","Yes",0.496055841446,"lcmd",1,"Index","Index"
54,"3","II","Yes",0.471953010559,"lalt",1,"Middle","Middle"
55,"3","II","No",0.49640007019,"lalt",0,"Index","Middle"
56,"3","II","Yes",0.598684024811,"lcmd",1,"Index","Index"
57,"3","II","Yes",0.460454130173,"lalt",1,"Middle","Middle"
58,"3","II","No",0.488663911819,"lalt",1,"Middle","Index"
59,"3","II","No",0.434252023697,"lcmd",1,"Index","Middle"
60,"3","II","Yes",0.447514915466,"lalt",1,"Middle","Middle"
61,"3","II","No",0.5025639534,"lcmd",1,"Index","Middle"
62,"3","II","No",0.476080942154,"lalt",1,"Middle","Index"
63,"3","II","Yes",0.483257007599,"lcmd",1,"Index","Index"
64,"3","II","No",0.515057945251,"lcmd",1,"Index","Middle"
65,"3","II","Yes",0.715071153641,"lalt",1,"Middle","Middle"
66,"3","II","Yes",0.521549987793,"lcmd",1,"Index","Index"
67,"3","II","No",0.50074300766,"lalt",1,"Middle","Index"
68,"3","II","No",0.613015174866,"lalt",1,"Middle","Index"
69,"3","II","Yes",0.579876995087,"lcmd",1,"Index","Index"
70,"3","II","No",0.517020845413,"lcmd",1,"Index","Middle"
71,"3","II","Yes",0.701639080048,"lalt",1,"Middle","Middle"
72,"3","II","Yes",0.459141159058,"lcmd",1,"Index","Index"
73,"3","II","No",0.569721078873,"lcmd",1,"Index","Middle"
74,"3","II","No",0.531877040863,"lalt",1,"Middle","Index"
75,"3","II","Yes",0.787767076492,"lalt",1,"Middle","Middle"
76,"3","II","No",0.583740091324,"lcmd",1,"Index","Middle"
77,"3","II","Yes",0.506908130646,"lcmd",1,"Index","Index"
78,"3","II","No",0.51676697731,"lalt",1,"Middle","Index"
79,"3","II","Yes",0.511805915832,"lalt",1,"Middle","Middle"
0,"4","IT","No",-13.2315809727,"lcmd",1,"Index","Middle"
1,"4","IT","Yes",0.569158887863,"lcmd",1,"Index","Index"
2,"4","IT","No",0.673577928543,"lalt",1,"Middle","Index"
3,"4","IT","Yes",0.571750879288,"lalt",1,"Middle","Middle"
4,"4","IT","Yes",0.699734115601,"lcmd",1,"Index","Index"
5,"4","IT","Yes",0.502014017105,"lalt",1,"Middle","Middle"
6,"4","IT","No",0.620046806335,"lcmd",1,"Index","Middle"
7,"4","IT","No",0.603539943695,"lalt",1,"Middle","Index"
8,"4","IT","Yes",0.559842967987,"lalt",1,"Middle","Middle"
9,"4","IT","No",0.443963003159,"lcmd",1,"Index","Middle"
10,"4","IT","Yes",0.483951807022,"lcmd",1,"Index","Index"
11,"4","IT","No",0.620394945145,"lalt",1,"Middle","Index"
12,"4","IT","Yes",0.445606851578,"lalt",1,"Middle","Middle"
13,"4","IT","No",0.563514137268,"lcmd",1,"Index","Middle"
14,"4","IT","No",0.596024084091,"lalt",1,"Middle","Index"
15,"4","IT","Yes",0.488501930237,"lcmd",1,"Index","Index"
16,"4","IT","No",0.627365970612,"lcmd",1,"Index","Middle"
17,"4","IT","Yes",0.610064172745,"lalt",1,"Middle","Middle"
18,"4","IT","Yes",0.501346158981,"lcmd",1,"Index","Index"
19,"4","IT","No",0.825363016129,"lalt",1,"Middle","Index"
20,"4","IT","Yes",0.566465997696,"lalt",1,"Middle","Middle"
21,"4","IT","No",0.472297906876,"lcmd",1,"Index","Middle"
22,"4","IT","Yes",0.490816926956,"lcmd",1,"Index","Index"
23,"4","IT","No",0.786637020111,"lalt",1,"Middle","Index"
24,"4","IT","Yes",0.495805931091,"lalt",1,"Middle","Middle"
25,"4","IT","Yes",0.537591028214,"lcmd",1,"Index","Index"
26,"4","IT","No",0.552397108078,"lcmd",1,"Index","Middle"
27,"4","IT","No",0.519085025787,"lalt",1,"Middle","Index"
28,"4","IT","No",0.661463975906,"lcmd",1,"Index","Middle"
29,"4","IT","No",0.48342499733,"lalt",1,"Middle","Index"
30,"4","IT","Yes",0.481201219559,"lcmd",1,"Index","Index"
31,"4","IT","Yes",0.417038011551,"lalt",1,"Middle","Middle"
32,"4","IT","No",0.451664876938,"lalt",1,"Middle","Index"
33,"4","IT","No",0.532835006714,"lcmd",1,"Index","Middle"
34,"4","IT","Yes",0.411611938477,"lalt",1,"Middle","Middle"
35,"4","IT","Yes",0.416109991074,"lcmd",1,"Index","Index"
36,"4","IT","No",0.450576114654,"lalt",1,"Middle","Index"
37,"4","IT","No",0.490033960342,"lcmd",1,"Index","Middle"
38,"4","IT","Yes",0.48438615799,"lalt",1,"Middle","Middle"
39,"4","IT","Yes",0.57346405983,"lcmd",1,"Index","Index"
40,"4","IT","No",0.580461168289,"lalt",1,"Middle","Index"
41,"4","IT","No",0.672492074966,"lcmd",1,"Index","Middle"
42,"4","IT","Yes",0.512243080139,"lalt",1,"Middle","Middle"
43,"4","IT","Yes",0.44258813858,"lcmd",1,"Index","Index"
44,"4","IT","No",0.5794880867,"lalt",0,"Index","Middle"
45,"4","IT","No",0.80703792572,"lalt",1,"Middle","Index"
46,"4","IT","Yes",0.520798158646,"lalt",1,"Middle","Middle"
47,"4","IT","Yes",0.476591920853,"lcmd",1,"Index","Index"
48,"4","IT","Yes",0.411139822006,"lcmd",1,"Index","Index"
49,"4","IT","No",0.609033918381,"lalt",1,"Middle","Index"
50,"4","IT","Yes",0.476639986038,"lalt",1,"Middle","Middle"
51,"4","IT","No",0.824548053741,"lcmd",1,"Index","Middle"
52,"4","IT","Yes",0.628116226196,"lalt",1,"Middle","Middle"
53,"4","IT","No",0.872070026398,"lalt",1,"Middle","Index"
54,"4","IT","No",0.483764028549,"lalt",0,"Index","Middle"
55,"4","IT","Yes",0.612440061569,"lcmd",1,"Index","Index"
56,"4","IT","No",0.539066839218,"lcmd",1,"Index","Middle"
57,"4","IT","Yes",0.774739074707,"lalt",1,"Middle","Middle"
58,"4","IT","Yes",0.607170057297,"lcmd",1,"Index","Index"
59,"4","IT","No",0.578768777847,"lalt",1,"Middle","Index"
60,"4","IT","No",0.659250116348,"lalt",1,"Middle","Index"
61,"4","IT","No",-1.36067404747,"lalt",0,"Index","Middle"
62,"4","IT","Yes",0.684484148025,"lalt",1,"Middle","Middle"
63,"4","IT","Yes",0.612790870666,"lcmd",1,"Index","Index"
64,"4","IT","Yes",0.49391503334,"lalt",1,"Middle","Middle"
65,"4","IT","No",0.591008996964,"lcmd",1,"Index","Middle"
66,"4","IT","No",0.588618040085,"lalt",1,"Middle","Index"
67,"4","IT","Yes",0.569777965546,"lcmd",1,"Index","Index"
68,"4","IT","Yes",0.45628490448,"lalt",1,"Middle","Middle"
69,"4","IT","No",0.501703977585,"lcmd",0,"Middle","Index"
70,"4","IT","Yes",0.665544080734,"lcmd",1,"Index","Index"
71,"4","IT","No",0.468155956268,"lcmd",1,"Index","Middle"
72,"4","IT","No",0.784663009644,"lalt",1,"Middle","Index"
73,"4","IT","No",0.934795093536,"lcmd",1,"Index","Middle"
74,"4","IT","Yes",0.495615959167,"lalt",1,"Middle","Middle"
75,"4","IT","Yes",0.463847017288,"lcmd",1,"Index","Index"
76,"4","IT","No",0.523994874954,"lcmd",1,"Index","Middle"
77,"4","IT","No",0.527696084976,"lalt",1,"Middle","Index"
78,"4","IT","Yes",0.535751104355,"lcmd",1,"Index","Index"
79,"4","IT","Yes",0.438240194321,"lalt",1,"Middle","Middle"
0,"5","II","No",-9.45241484642,"lcmd",0,"Middle","Index"
1,"5","II","Yes",0.416017055511,"lcmd",1,"Index","Index"
2,"5","II","Yes",0.550906038284,"lalt",1,"Middle","Middle"
3,"5","II","No",0.605326843262,"lcmd",1,"Index","Middle"
4,"5","II","Yes",0.589470005035,"lcmd",1,"Index","Index"
5,"5","II","Yes",0.43673787117,"lalt",1,"Middle","Middle"
6,"5","II","No",0.4771089077,"lcmd",1,"Index","Middle"
7,"5","II","No",0.514144039154,"lalt",1,"Middle","Index"
8,"5","II","Yes",0.724733972549,"lalt",1,"Middle","Middle"
9,"5","II","No",0.500208044052,"lalt",1,"Middle","Index"
10,"5","II","Yes",0.726774787903,"lcmd",1,"Index","Index"
11,"5","II","No",0.543693161011,"lcmd",1,"Index","Middle"
12,"5","II","Yes",0.455032110214,"lalt",1,"Middle","Middle"
13,"5","II","Yes",0.555031967163,"lcmd",1,"Index","Index"
14,"5","II","No",0.531615829468,"lalt",1,"Middle","Index"
15,"5","II","No",0.502990055084,"lcmd",1,"Index","Middle"
16,"5","II","Yes",0.679460000992,"lalt",1,"Middle","Middle"
17,"5","II","No",0.719355964661,"lalt",1,"Middle","Index"
18,"5","II","No",0.570722913742,"lcmd",1,"Index","Middle"
19,"5","II","Yes",0.613933038712,"lcmd",1,"Index","Index"
20,"5","II","No",0.46792678833,"lcmd",1,"Index","Middle"
21,"5","II","No",0.504714107513,"lalt",1,"Middle","Index"
22,"5","II","Yes",0.482518005371,"lcmd",1,"Index","Index"
23,"5","II","Yes",0.394585847855,"lcmd",0,"Middle","Middle"
24,"5","II","No",0.612340068817,"lalt",1,"Middle","Index"
25,"5","II","No",0.788298892975,"lcmd",1,"Index","Middle"
26,"5","II","Yes",0.754842853546,"lcmd",1,"Index","Index"
27,"5","II","Yes",0.364421081543,"lalt",1,"Middle","Middle"
28,"5","II","Yes",0.756873989105,"lcmd",1,"Index","Index"
29,"5","II","No",0.453038930893,"lcmd",1,"Index","Middle"
30,"5","II","Yes",0.433683109283,"lalt",1,"Middle","Middle"
31,"5","II","No",0.525533056259,"lalt",1,"Middle","Index"
32,"5","II","Yes",0.54294500351,"lalt",1,"Middle","Middle"
33,"5","II","No",0.656295919418,"lalt",1,"Middle","Index"
34,"5","II","No",0.56958899498,"lalt",0,"Index","Middle"
35,"5","II","Yes",0.537852859497,"lcmd",1,"Index","Index"
36,"5","II","Yes",0.445989942551,"lalt",1,"Middle","Middle"
37,"5","II","Yes",0.735424041748,"lcmd",1,"Index","Index"
38,"5","II","No",0.667738866806,"lcmd",1,"Index","Middle"
39,"5","II","No",0.516546010971,"lcmd",0,"Middle","Index"
40,"5","II","Yes",0.571514940262,"lcmd",1,"Index","Index"
41,"5","II","No",0.63997092247,"lalt",1,"Middle","Index"
42,"5","II","Yes",0.901218128204,"lalt",1,"Middle","Middle"
43,"5","II","No",0.591702890396,"lcmd",1,"Index","Middle"
44,"5","II","Yes",0.460173940659,"lalt",1,"Middle","Middle"
45,"5","II","No",0.605201101303,"lalt",1,"Middle","Index"
46,"5","II","No",0.543300151825,"lcmd",1,"Index","Middle"
47,"5","II","Yes",0.671085214615,"lcmd",1,"Index","Index"
48,"5","II","Yes",0.810995006561,"lcmd",1,"Index","Index"
49,"5","II","Yes",0.583073997498,"lalt",1,"Middle","Middle"
50,"5","II","No",0.664554166794,"lcmd",1,"Index","Middle"
51,"5","II","No",0.517465019226,"lalt",1,"Middle","Index"
52,"5","II","Yes",0.547556066513,"lalt",1,"Middle","Middle"
53,"5","II","No",0.483687973022,"lalt",1,"Middle","Index"
54,"5","II","Yes",0.451676845551,"lcmd",1,"Index","Index"
55,"5","II","No",0.579347896576,"lcmd",1,"Index","Middle"
56,"5","II","Yes",0.380118942261,"lalt",1,"Middle","Middle"
57,"5","II","No",0.520727825165,"lcmd",1,"Index","Middle"
58,"5","II","Yes",0.530103063583,"lcmd",1,"Index","Index"
59,"5","II","No",0.721965932846,"lalt",1,"Middle","Index"
60,"5","II","Yes",0.515665102005,"lcmd",1,"Index","Index"
61,"5","II","Yes",0.597930955887,"lalt",1,"Middle","Middle"
62,"5","II","No",0.558454847336,"lalt",1,"Middle","Index"
63,"5","II","No",0.456352043152,"lcmd",1,"Index","Middle"
64,"5","II","No",0.569587087631,"lalt",1,"Middle","Index"
65,"5","II","Yes",0.539462041855,"lalt",1,"Middle","Middle"
66,"5","II","Yes",0.669972038269,"lcmd",1,"Index","Index"
67,"5","II","No",0.602099895477,"lcmd",1,"Index","Middle"
68,"5","II","No",0.466027927399,"lalt",1,"Middle","Index"
69,"5","II","Yes",0.448164987564,"lcmd",1,"Index","Index"
70,"5","II","Yes",0.553987026215,"lalt",1,"Middle","Middle"
71,"5","II","No",0.741902065277,"lcmd",1,"Index","Middle"
72,"5","II","Yes",0.655262851715,"lcmd",1,"Index","Index"
73,"5","II","Yes",0.441703033447,"lalt",1,"Middle","Middle"
74,"5","II","No",0.590039205551,"lcmd",1,"Index","Middle"
75,"5","II","No",0.594877052307,"lalt",1,"Middle","Index"
76,"5","II","Yes",0.454085063934,"lcmd",1,"Index","Index"
77,"5","II","No",0.572593164444,"lalt",1,"Middle","Index"
78,"5","II","Yes",0.453623008728,"lalt",1,"Middle","Middle"
79,"5","II","No",0.442354822159,"lcmd",1,"Index","Middle"
0,"6","IT","Yes",-22.5144327641,"lalt",1,"Middle","Middle"
1,"6","IT","Yes",0.627786827087,"lcmd",1,"Index","Index"
2,"6","IT","No",0.861942005158,"lalt",1,"Middle","Index"
3,"6","IT","No",0.87860994339,"lcmd",1,"Index","Middle"
4,"6","IT","Yes",1.05138201714,"lalt",1,"Middle","Middle"
5,"6","IT","No",0.722107028961,"lalt",1,"Middle","Index"
6,"6","IT","No",0.845351934433,"lcmd",1,"Index","Middle"
7,"6","IT","Yes",0.679845905304,"lcmd",1,"Index","Index"
8,"6","IT","No",0.750739192963,"lcmd",1,"Index","Middle"
9,"6","IT","Yes",0.669591808319,"lcmd",1,"Index","Index"
10,"6","IT","Yes",0.539804887772,"lalt",1,"Middle","Middle"
11,"6","IT","No",0.680380105972,"lalt",1,"Middle","Index"
12,"6","IT","Yes",0.718687057495,"lalt",1,"Middle","Middle"
13,"6","IT","No",0.914499950409,"lcmd",1,"Index","Middle"
14,"6","IT","No",0.725444030762,"lalt",1,"Middle","Index"
15,"6","IT","Yes",0.867454957962,"lcmd",1,"Index","Index"
16,"6","IT","No",0.670010995865,"lcmd",1,"Index","Middle"
17,"6","IT","Yes",0.924514818191,"lcmd",1,"Index","Index"
18,"6","IT","No",0.773889112472,"lalt",1,"Middle","Index"
19,"6","IT","Yes",1.17169485092,"lalt",1,"Middle","Middle"
20,"6","IT","Yes",0.882271051407,"lcmd",1,"Index","Index"
21,"6","IT","No",0.680106067657,"lalt",1,"Middle","Index"
22,"6","IT","Yes",0.651290035248,"lalt",1,"Middle","Middle"
23,"6","IT","No",0.55286192894,"lcmd",1,"Index","Middle"
24,"6","IT","Yes",0.654497146606,"lcmd",1,"Index","Index"
25,"6","IT","No",0.682822084427,"lcmd",1,"Index","Middle"
26,"6","IT","Yes",0.793391132355,"lalt",1,"Middle","Middle"
27,"6","IT","No",0.820848989487,"lalt",1,"Middle","Index"
28,"6","IT","Yes",0.655436038971,"lalt",1,"Middle","Middle"
29,"6","IT","Yes",0.733319807053,"lcmd",1,"Index","Index"
30,"6","IT","No",0.942235136032,"lalt",1,"Middle","Index"
31,"6","IT","No",1.01695680618,"lcmd",1,"Index","Middle"
32,"6","IT","Yes",0.614174079895,"lcmd",1,"Index","Index"
33,"6","IT","No",0.683635902405,"lcmd",1,"Index","Middle"
34,"6","IT","No",0.709780168533,"lalt",1,"Middle","Index"
35,"6","IT","Yes",0.592828130722,"lalt",1,"Middle","Middle"
36,"6","IT","No",0.529290056229,"lcmd",1,"Index","Middle"
37,"6","IT","No",0.896328020096,"lalt",1,"Middle","Index"
38,"6","IT","Yes",0.761110877991,"lalt",1,"Middle","Middle"
39,"6","IT","Yes",0.672219944,"lcmd",1,"Index","Index"
40,"6","IT","No",1.05356292725,"lcmd",1,"Index","Middle"
41,"6","IT","No",0.65864405632,"lalt",1,"Middle","Index"
42,"6","IT","Yes",0.925320863724,"lcmd",1,"Index","Index"
43,"6","IT","Yes",0.880788135529,"lalt",1,"Middle","Middle"
44,"6","IT","No",0.70102186203,"lcmd",1,"Index","Middle"
45,"6","IT","Yes",0.796737003326,"lcmd",1,"Index","Index"
46,"6","IT","No",0.73500084877,"lalt",1,"Middle","Index"
47,"6","IT","Yes",0.816283130646,"lalt",1,"Middle","Middle"
48,"6","IT","Yes",0.787485122681,"lcmd",1,"Index","Index"
49,"6","IT","Yes",0.70817489624,"lalt",1,"Middle","Middle"
50,"6","IT","No",0.7135160923,"lalt",1,"Middle","Index"
51,"6","IT","No",1.11061682701,"lcmd",1,"Index","Middle"
52,"6","IT","No",0.683396053314,"lcmd",1,"Index","Middle"
53,"6","IT","Yes",0.428279924393,"lalt",1,"Middle","Middle"
54,"6","IT","Yes",0.676131010056,"lcmd",1,"Index","Index"
55,"6","IT","No",0.642267799377,"lalt",1,"Middle","Index"
56,"6","IT","Yes",0.577867078781,"lalt",1,"Middle","Middle"
57,"6","IT","No",0.852894973755,"lcmd",1,"Index","Middle"
58,"6","IT","No",0.587409973145,"lalt",1,"Middle","Index"
59,"6","IT","Yes",1.15613203049,"lcmd",1,"Index","Index"
60,"6","IT","No",0.616560983658,"lcmd",1,"Index","Middle"
61,"6","IT","No",0.603490924835,"lalt",1,"Middle","Index"
62,"6","IT","Yes",0.634026002884,"lalt",1,"Middle","Middle"
63,"6","IT","Yes",0.674777936935,"lcmd",1,"Index","Index"
64,"6","IT","Yes",0.834893989563,"lcmd",1,"Index","Index"
65,"6","IT","Yes",0.52212896347,"lalt",1,"Middle","Middle"
66,"6","IT","No",0.632922172546,"lcmd",1,"Index","Middle"
67,"6","IT","No",0.629704189301,"lalt",1,"Middle","Index"
68,"6","IT","Yes",0.602497053146,"lalt",1,"Middle","Middle"
69,"6","IT","No",0.698272895813,"lcmd",1,"Index","Middle"
70,"6","IT","Yes",0.630138969421,"lcmd",1,"Index","Index"
71,"6","IT","No",0.691309070587,"lalt",1,"Middle","Index"
72,"6","IT","Yes",0.537844896317,"lcmd",1,"Index","Index"
73,"6","IT","No",0.876143074036,"lalt",0,"Index","Middle"
74,"6","IT","Yes",1.05270800591,"lalt",1,"Middle","Middle"
75,"6","IT","No",0.971486902237,"lalt",1,"Middle","Index"
76,"6","IT","No",0.649904966354,"lcmd",1,"Index","Middle"
77,"6","IT","No",0.731256866455,"lalt",1,"Middle","Index"
78,"6","IT","Yes",0.579760837555,"lalt",1,"Middle","Middle"
79,"6","IT","Yes",0.671810150146,"lcmd",1,"Index","Index"
0,"7","II","No",-4.85188803673,"lalt",1,"Middle","Index"
1,"7","II","Yes",-1.47451014519,"lcmd",1,"Index","Index"
2,"7","II","Yes",-1.37222595215,"lcmd",1,"Middle","Middle"
3,"7","II","No",-1.09187984467,"lcmd",1,"Index","Middle"
4,"7","II","Yes",-2.40292410851,"lalt",1,"Middle","Middle"
5,"7","II","Yes",0.653427028656,"lcmd",1,"Index","Index"
6,"7","II","No",0.842294979095,"lalt",1,"Index","Middle"
7,"7","II","No",1.00005984306,"lcmd",1,"Middle","Index"
8,"7","II","Yes",0.948098039627,"lcmd",1,"Index","Index"
9,"7","II","No",2.73999590874,"lalt",1,"Index","Middle"
10,"7","II","No",1.21855521202,"lalt",1,"Middle","Index"
11,"7","II","Yes",0.945886945725,"lcmd",1,"Middle","Middle"
12,"7","II","No",0.528262996674,"lalt",1,"Index","Middle"
13,"7","II","Yes",1.74960107803,"lalt",1,"Index","Index"
14,"7","II","No",1.52274403572,"lcmd",1,"Middle","Index"
15,"7","II","Yes",1.43911395073,"lcmd",1,"Middle","Middle"
16,"7","II","No",1.22257800102,"lalt",1,"Index","Middle"
17,"7","II","No",1.06732020378,"lcmd",1,"Middle","Index"
18,"7","II","Yes",0.849822044373,"lcmd",1,"Middle","Middle"
19,"7","II","Yes",0.484448099136,"lalt",1,"Index","Index"
20,"7","II","No",0.765095043182,"lalt",1,"Index","Middle"
21,"7","II","Yes",0.781989049912,"lalt",1,"Index","Index"
22,"7","II","Yes",0.895848035812,"lcmd",1,"Middle","Middle"
23,"7","II","No",1.14032011032,"lalt",1,"Middle","Index"
24,"7","II","Yes",2.52214713097,"lcmd",1,"Middle","Middle"
25,"7","II","No",2.12279906273,"lcmd",1,"Middle","Index"
26,"7","II","No",1.88222503662,"lalt",1,"Index","Middle"
27,"7","II","Yes",2.01394100189,"lalt",1,"Index","Index"
28,"7","II","Yes",1.63424396515,"lcmd",1,"Index","Index"
29,"7","II","Yes",2.6524679184,"lcmd",1,"Middle","Middle"
30,"7","II","No",1.60206618309,"lalt",1,"Index","Middle"
31,"7","II","No",1.01043806076,"lcmd",1,"Middle","Index"
32,"7","II","Yes",1.12075490952,"lcmd",1,"Middle","Middle"
33,"7","II","No",1.02811012268,"lcmd",1,"Index","Middle"
34,"7","II","No",1.45793499947,"lalt",1,"Middle","Index"
35,"7","II","Yes",1.72086787224,"lalt",1,"Index","Index"
36,"7","II","No",0.8444439888,"lcmd",1,"Middle","Index"
37,"7","II","Yes",1.29848504066,"lalt",1,"Index","Index"
38,"7","II","Yes",0.853035068512,"lcmd",1,"Middle","Middle"
39,"7","II","No",1.15837507248,"lalt",1,"Index","Middle"
40,"7","II","Yes",1.7167579174,"lalt",1,"Index","Index"
41,"7","II","No",1.03709421158,"lcmd",1,"Middle","Index"
42,"7","II","Yes",2.0374209404,"lcmd",1,"Middle","Middle"
43,"7","II","No",1.48412694931,"lalt",1,"Index","Middle"
44,"7","II","Yes",1.84107694626,"lalt",1,"Index","Index"
45,"7","II","No",0.994420957565,"lalt",1,"Index","Middle"
46,"7","II","Yes",0.545466041565,"lcmd",1,"Middle","Middle"
47,"7","II","No",0.473709058762,"lcmd",1,"Middle","Index"
48,"7","II","Yes",0.76853890419,"lcmd",1,"Middle","Middle"
49,"7","II","No",0.685362911224,"lcmd",1,"Middle","Index"
50,"7","II","No",0.518148851395,"lalt",1,"Index","Middle"
51,"7","II","Yes",1.18842401505,"lalt",1,"Index","Index"
52,"7","II","Yes",1.14383015633,"lalt",1,"Index","Index"
53,"7","II","No",1.30140013695,"lcmd",1,"Middle","Index"
54,"7","II","No",1.70944108963,"lalt",1,"Index","Middle"
55,"7","II","Yes",2.09268898964,"lcmd",1,"Middle","Middle"
56,"7","II","No",1.34285387993,"lalt",1,"Index","Middle"
57,"7","II","Yes",1.52640795708,"lalt",1,"Index","Index"
58,"7","II","Yes",2.02378201485,"lcmd",1,"Middle","Middle"
59,"7","II","No",0.921943902969,"lcmd",1,"Middle","Index"
60,"7","II","Yes",1.39872012138,"lcmd",1,"Middle","Middle"
61,"7","II","Yes",0.707597064972,"lalt",1,"Index","Index"
62,"7","II","No",0.726388883591,"lalt",1,"Index","Middle"
63,"7","II","No",1.31069607735,"lcmd",1,"Middle","Index"
64,"7","II","Yes",1.23234901428,"lalt",1,"Index","Index"
65,"7","II","No",0.775723075867,"lalt",1,"Index","Middle"
66,"7","II","No",2.19803791046,"lcmd",1,"Middle","Index"
67,"7","II","Yes",2.77372784615,"lcmd",1,"Middle","Middle"
68,"7","II","No",1.07441701889,"lalt",1,"Index","Middle"
69,"7","II","No",1.18248806,"lcmd",1,"Middle","Index"
70,"7","II","Yes",0.979314041138,"lcmd",1,"Middle","Middle"
71,"7","II","Yes",0.843318843842,"lalt",1,"Index","Index"
72,"7","II","No",1.07400107384,"lcmd",1,"Middle","Index"
73,"7","II","No",1.18208599091,"lalt",1,"Index","Middle"
74,"7","II","Yes",1.84912796021,"lalt",1,"Index","Index"
75,"7","II","Yes",0.975806903839,"lcmd",1,"Middle","Middle"
76,"7","II","Yes",1.15596518517,"lalt",1,"Index","Index"
77,"7","II","No",1.25526390076,"lcmd",1,"Middle","Index"
78,"7","II","Yes",1.37579894066,"lcmd",1,"Middle","Middle"
79,"7","II","No",1.0584728241,"lalt",1,"Index","Middle"
0,"8","IT","No",-22.1020948887,"lalt",1,"Middle","Index"
1,"8","IT","Yes",0.411666965485,"lcmd",1,"Index","Index"
2,"8","IT","Yes",0.472671127319,"lalt",1,"Middle","Middle"
3,"8","IT","No",0.376491069794,"lcmd",1,"Index","Middle"
4,"8","IT","No",0.44477596283,"lcmd",1,"Index","Middle"
5,"8","IT","Yes",0.457090091705,"lalt",1,"Middle","Middle"
6,"8","IT","No",0.465296792984,"lalt",1,"Middle","Index"
7,"8","IT","Yes",0.369953918457,"lcmd",1,"Index","Index"
8,"8","IT","No",0.452622079849,"lalt",1,"Middle","Index"
9,"8","IT","Yes",0.461380004883,"lalt",1,"Middle","Middle"
10,"8","IT","Yes",0.499693012238,"lcmd",1,"Index","Index"
11,"8","IT","No",0.457917070389,"lcmd",1,"Index","Middle"
12,"8","IT","Yes",0.469365119934,"lalt",1,"Middle","Middle"
13,"8","IT","No",0.356744146347,"lcmd",1,"Index","Middle"
14,"8","IT","Yes",0.354042053223,"lcmd",1,"Index","Index"
15,"8","IT","No",0.401763916016,"lalt",1,"Middle","Index"
16,"8","IT","Yes",0.416329097748,"lcmd",1,"Index","Index"
17,"8","IT","Yes",0.347988843918,"lalt",1,"Middle","Middle"
18,"8","IT","No",0.486445045471,"lcmd",0,"Middle","Index"
19,"8","IT","No",0.427419137955,"lcmd",1,"Index","Middle"
20,"8","IT","No",0.468042135239,"lcmd",1,"Index","Middle"
21,"8","IT","Yes",0.495547819138,"lalt",1,"Middle","Middle"
22,"8","IT","No",0.590035867691,"lalt",1,"Middle","Index"
23,"8","IT","Yes",0.509782218933,"lcmd",1,"Index","Index"
24,"8","IT","No",0.47137503624,"lalt",1,"Middle","Index"
25,"8","IT","Yes",0.544380950928,"lcmd",1,"Index","Index"
26,"8","IT","Yes",0.46779589653,"lalt",1,"Middle","Middle"
27,"8","IT","No",0.419332122803,"lcmd",1,"Index","Middle"
28,"8","IT","Yes",0.478836011887,"lcmd",1,"Index","Index"
29,"8","IT","No",0.446776008606,"lcmd",1,"Index","Middle"
30,"8","IT","Yes",0.510329866409,"lalt",1,"Middle","Middle"
31,"8","IT","No",0.468297100067,"lalt",1,"Middle","Index"
32,"8","IT","No",0.53307518959,"lalt",0,"Index","Middle"
33,"8","IT","Yes",0.527316856384,"lalt",1,"Middle","Middle"
34,"8","IT","Yes",0.437097072601,"lcmd",1,"Index","Index"
35,"8","IT","No",0.501478052139,"lalt",1,"Middle","Index"
36,"8","IT","Yes",0.469401025772,"lalt",1,"Middle","Middle"
37,"8","IT","Yes",0.439025974274,"lcmd",1,"Index","Index"
38,"8","IT","No",0.427825117111,"lalt",1,"Middle","Index"
39,"8","IT","No",0.428195047378,"lcmd",1,"Index","Middle"
40,"8","IT","No",0.428992986679,"lcmd",1,"Index","Middle"
41,"8","IT","No",0.503676891327,"lalt",1,"Middle","Index"
42,"8","IT","Yes",0.490895986557,"lalt",1,"Middle","Middle"
43,"8","IT","Yes",0.472277021408,"lcmd",1,"Index","Index"
44,"8","IT","No",0.504972982407,"lcmd",1,"Index","Middle"
45,"8","IT","No",0.455328178406,"lalt",1,"Middle","Index"
46,"8","IT","Yes",0.436699008942,"lalt",1,"Middle","Middle"
47,"8","IT","Yes",0.407781839371,"lcmd",1,"Index","Index"
48,"8","IT","Yes",0.501856851578,"lalt",1,"Middle","Middle"
49,"8","IT","No",0.453308916092,"lcmd",1,"Index","Middle"
50,"8","IT","No",0.498185062408,"lalt",1,"Middle","Index"
51,"8","IT","Yes",0.379032087326,"lcmd",1,"Index","Index"
52,"8","IT","No",0.491674995422,"lcmd",1,"Index","Middle"
53,"8","IT","Yes",0.466093206406,"lcmd",1,"Index","Index"
54,"8","IT","Yes",0.361688089371,"lalt",1,"Middle","Middle"
55,"8","IT","No",0.515981054306,"lalt",1,"Middle","Index"
56,"8","IT","Yes",0.39202208519,"lcmd",1,"Index","Index"
57,"8","IT","Yes",0.441904973984,"lalt",1,"Middle","Middle"
58,"8","IT","No",0.492785072327,"lalt",1,"Middle","Index"
59,"8","IT","No",0.39513502121,"lcmd",1,"Index","Middle"
60,"8","IT","Yes",0.569762897492,"lcmd",1,"Index","Index"
61,"8","IT","No",0.356977939606,"lcmd",0,"Middle","Index"
62,"8","IT","Yes",0.426494884491,"lalt",1,"Middle","Middle"
63,"8","IT","No",0.402917814255,"lcmd",1,"Index","Middle"
64,"8","IT","Yes",0.454613876343,"lalt",1,"Middle","Middle"
65,"8","IT","No",0.454123020172,"lalt",1,"Middle","Index"
66,"8","IT","Yes",0.508098173141,"lalt",0,"Index","Index"
67,"8","IT","No",0.445228099823,"lcmd",1,"Index","Middle"
68,"8","IT","No",0.43998503685,"lcmd",1,"Index","Middle"
69,"8","IT","No",0.447150945663,"lalt",1,"Middle","Index"
70,"8","IT","Yes",0.456118917465,"lalt",1,"Middle","Middle"
71,"8","IT","Yes",0.51192407608,"lcmd",1,"Index","Index"
72,"8","IT","Yes",0.454390954971,"lalt",1,"Middle","Middle"
73,"8","IT","No",0.533115005493,"lalt",1,"Middle","Index"
74,"8","IT","No",0.457649993896,"lcmd",1,"Index","Middle"
75,"8","IT","Yes",0.513983011246,"lcmd",1,"Index","Index"
76,"8","IT","No",0.513128852844,"lcmd",1,"Index","Middle"
77,"8","IT","Yes",0.465550994873,"lcmd",1,"Index","Index"
78,"8","IT","No",0.461757135391,"lalt",1,"Middle","Index"
79,"8","IT","Yes",0.511108112335,"lalt",1,"Middle","Middle"
0,"9","II","No",0.618619966507,"lalt",1,"Middle","Index"
1,"9","II","Yes",0.402339839935,"lcmd",1,"Index","Index"
2,"9","II","No",0.754592990875,"lalt",0,"Index","Middle"
3,"9","II","Yes",0.868260145187,"lalt",1,"Middle","Middle"
4,"9","II","No",0.523070049286,"lcmd",0,"Middle","Index"
5,"9","II","Yes",0.520430898666,"lalt",1,"Middle","Middle"
6,"9","II","Yes",0.607403993607,"lcmd",1,"Index","Index"
7,"9","II","No",1.07421321869,"lcmd",1,"Index","Middle"
8,"9","II","Yes",0.664263105392,"lalt",1,"Middle","Middle"
9,"9","II","No",0.653012037277,"lalt",1,"Middle","Index"
10,"9","II","Yes",0.668878889084,"lcmd",1,"Index","Index"
11,"9","II","No",1.25813989639,"lcmd",1,"Index","Middle"
12,"9","II","No",0.626762962341,"lcmd",1,"Index","Middle"
13,"9","II","Yes",0.729055833817,"lalt",1,"Middle","Middle"
14,"9","II","Yes",0.641821098328,"lcmd",1,"Index","Index"
15,"9","II","No",0.964069890976,"lalt",1,"Middle","Index"
16,"9","II","Yes",0.54008307457,"lalt",1,"Middle","Middle"
17,"9","II","Yes",0.598428869247,"lcmd",1,"Index","Index"
18,"9","II","No",0.590443181992,"lcmd",1,"Index","Middle"
19,"9","II","No",0.703143119812,"lalt",1,"Middle","Index"
20,"9","II","Yes",0.598307037353,"lalt",1,"Middle","Middle"
21,"9","II","No",0.636325883865,"lcmd",1,"Index","Middle"
22,"9","II","Yes",0.463217926025,"lcmd",1,"Index","Index"
23,"9","II","No",0.596919870377,"lalt",1,"Middle","Index"
24,"9","II","No",0.702826118469,"lcmd",0,"Middle","Index"
25,"9","II","No",0.654831123352,"lcmd",1,"Index","Middle"
26,"9","II","Yes",0.646702957153,"lalt",1,"Middle","Middle"
27,"9","II","Yes",0.414421987534,"lcmd",1,"Index","Index"
28,"9","II","No",0.607159090042,"lcmd",1,"Index","Middle"
29,"9","II","No",0.578554010391,"lalt",1,"Middle","Index"
30,"9","II","Yes",0.522727823257,"lcmd",1,"Index","Index"
31,"9","II","Yes",0.427361822128,"lalt",1,"Middle","Middle"
32,"9","II","No",1.12231206894,"lalt",1,"Middle","Index"
33,"9","II","No",0.555067014694,"lcmd",1,"Index","Middle"
34,"9","II","Yes",0.64408788681,"lcmd",1,"Index","Index"
35,"9","II","Yes",0.590035104752,"lalt",1,"Middle","Middle"
36,"9","II","No",0.595837974548,"lalt",1,"Middle","Index"
37,"9","II","No",0.485212945938,"lcmd",1,"Index","Middle"
38,"9","II","Yes",0.419280052185,"lcmd",1,"Index","Index"
39,"9","II","Yes",0.639581108093,"lalt",1,"Middle","Middle"
40,"9","II","No",0.557845067978,"lcmd",0,"Middle","Index"
41,"9","II","No",0.61616897583,"lcmd",1,"Index","Middle"
42,"9","II","Yes",0.702845859528,"lcmd",1,"Index","Index"
43,"9","II","Yes",0.423604106903,"lalt",1,"Middle","Middle"
44,"9","II","Yes",0.882729959488,"lalt",1,"Middle","Middle"
45,"9","II","No",0.538669061661,"lalt",1,"Middle","Index"
46,"9","II","No",0.726598930359,"lcmd",1,"Index","Middle"
47,"9","II","Yes",0.621187067032,"lcmd",1,"Index","Index"
48,"9","II","Yes",0.590547084808,"lalt",1,"Middle","Middle"
49,"9","II","Yes",0.573620128632,"lcmd",1,"Index","Index"
50,"9","II","No",0.820321846008,"lalt",1,"Middle","Index"
51,"9","II","No",0.73780708313,"lcmd",1,"Index","Middle"
52,"9","II","Yes",0.529890823364,"lcmd",1,"Index","Index"
53,"9","II","No",0.538273096085,"lcmd",1,"Index","Middle"
54,"9","II","Yes",0.4709441185,"lalt",1,"Middle","Middle"
55,"9","II","No",0.527684164047,"lalt",1,"Middle","Index"
56,"9","II","No",0.470113182068,"lalt",1,"Middle","Index"
57,"9","II","Yes",0.491839075088,"lalt",1,"Middle","Middle"
58,"9","II","Yes",0.836634111404,"lcmd",1,"Index","Index"
59,"9","II","No",0.550401926041,"lcmd",1,"Index","Middle"
60,"9","II","No",0.80482211113,"lalt",1,"Middle","Index"
61,"9","II","Yes",0.626866960525,"lcmd",1,"Index","Index"
62,"9","II","Yes",0.689590072632,"lalt",1,"Middle","Middle"
63,"9","II","No",0.582315015793,"lalt",0,"Index","Middle"
64,"9","II","Yes",0.615511894226,"lalt",1,"Middle","Middle"
65,"9","II","No",0.647670936585,"lalt",1,"Middle","Index"
66,"9","II","No",0.695237016678,"lcmd",1,"Index","Middle"
67,"9","II","Yes",0.660640859604,"lcmd",1,"Index","Index"
68,"9","II","No",0.589950847626,"lalt",1,"Middle","Index"
69,"9","II","Yes",0.448195934296,"lcmd",1,"Index","Index"
70,"9","II","No",1.13729691505,"lcmd",1,"Index","Middle"
71,"9","II","Yes",0.503347110748,"lalt",1,"Middle","Middle"
72,"9","II","No",0.517468929291,"lcmd",1,"Index","Middle"
73,"9","II","Yes",0.522254037857,"lcmd",1,"Index","Index"
74,"9","II","Yes",0.55467581749,"lalt",1,"Middle","Middle"
75,"9","II","No",0.89291806221,"lalt",1,"Middle","Index"
76,"9","II","Yes",0.541473960876,"lalt",1,"Middle","Middle"
77,"9","II","No",0.563721942902,"lalt",1,"Middle","Index"
78,"9","II","No",0.947066879272,"lcmd",1,"Index","Middle"
79,"9","II","Yes",0.823151063919,"lcmd",1,"Index","Index"
