"","V1","Participant","Condition","Congruity","Reaction_time","Response","Correctness","Cue","Finger"
"1",0,"1","II","Yes",0.434142827988,"lcmd",1,"Index","Index"
"2",1,"1","II","No",0.57104716301,"lalt",1,"Middle","Index"
"3",2,"1","II","Yes",0.479117107391,"lalt",1,"Middle","Middle"
"4",3,"1","II","No",0.62364192009,"lcmd",1,"Index","Middle"
"5",4,"1","II","No",0.480222082138,"lcmd",1,"Index","Middle"
"6",5,"1","II","Yes",0.44284491539,"lcmd",1,"Index","Index"
"7",6,"1","II","No",0.563038825989,"lalt",1,"Middle","Index"
"8",7,"1","II","Yes",0.52208609581,"lalt",1,"Middle","Middle"
"9",8,"1","II","No",0.452649068832,"lalt",1,"Middle","Index"
"10",9,"1","II","No",0.405857849121,"lcmd",1,"Index","Middle"
"11",10,"1","II","Yes",0.47257194519,"lcmd",1,"Index","Index"
"12",11,"1","II","Yes",0.511317110062,"lalt",1,"Middle","Middle"
"13",12,"1","II","Yes",0.42904715538,"lalt",1,"Middle","Middle"
"14",13,"1","II","Yes",0.37060585022,"lcmd",1,"Index","Index"
"15",14,"1","II","No",0.529275941849,"lalt",1,"Middle","Index"
"16",15,"1","II","No",0.41012096405,"lcmd",1,"Index","Middle"
"17",16,"1","II","Yes",0.576798057556,"lalt",1,"Middle","Middle"
"18",17,"1","II","Yes",0.397048902512,"lcmd",1,"Index","Index"
"19",18,"1","II","No",0.636274051666,"lcmd",1,"Index","Middle"
"20",19,"1","II","No",0.542321109772,"lalt",1,"Middle","Index"
"21",20,"1","II","Yes",0.410810136795,"lalt",1,"Middle","Middle"
"22",21,"1","II","No",0.482386922836,"lalt",1,"Middle","Index"
"23",22,"1","II","No",0.398458909988,"lalt",0,"Index","Middle"
"24",23,"1","II","Yes",0.487611055374,"lcmd",1,"Index","Index"
"25",24,"1","II","Yes",0.456127119064,"lcmd",1,"Index","Index"
"26",25,"1","II","Yes",0.432898187637,"lalt",1,"Middle","Middle"
"27",26,"1","II","No",0.44287815094,"lalt",1,"Middle","Index"
"28",27,"1","II","No",0.341817808151,"lcmd",1,"Index","Middle"
"29",28,"1","II","No",0.515699005127,"lcmd",1,"Index","Middle"
"30",29,"1","II","Yes",0.446641206741,"lcmd",1,"Index","Index"
"31",30,"1","II","No",0.525864076614,"lalt",1,"Middle","Index"
"32",31,"1","II","Yes",0.459865808487,"lalt",1,"Middle","Middle"
"33",32,"1","II","No",0.397141170502,"lcmd",1,"Index","Middle"
"34",33,"1","II","No",0.432161903381,"lalt",1,"Middle","Index"
"35",34,"1","II","Yes",0.497646045685,"lalt",1,"Middle","Middle"
"36",35,"1","II","Yes",0.359252023697,"lcmd",1,"Index","Index"
"37",36,"1","II","No",0.475661087036,"lcmd",1,"Index","Middle"
"38",37,"1","II","Yes",0.465677976608,"lalt",1,"Middle","Middle"
"39",38,"1","II","Yes",0.394025087357,"lcmd",1,"Index","Index"
"40",39,"1","II","No",0.532580041885,"lalt",1,"Middle","Index"
"41",40,"1","II","No",0.60664396286,"lcmd",1,"Index","Middle"
"42",41,"1","II","Yes",0.46315279007,"lcmd",1,"Index","Index"
"43",42,"1","II","No",0.680551052094,"lalt",1,"Middle","Index"
"44",43,"1","II","Yes",0.55463886261,"lalt",1,"Middle","Middle"
"45",44,"1","II","Yes",0.51080198288,"lalt",1,"Middle","Middle"
"46",45,"1","II","Yes",0.429427957535,"lcmd",1,"Index","Index"
"47",46,"1","II","No",0.79375796318,"lcmd",1,"Index","Middle"
"48",47,"1","II","No",0.471570920944,"lalt",1,"Middle","Index"
"49",48,"1","II","Yes",0.511807060242,"lalt",1,"Middle","Middle"
"50",49,"1","II","No",0.482754039764,"lalt",1,"Middle","Index"
"51",50,"1","II","Yes",0.395635986328,"lcmd",1,"Index","Index"
"52",51,"1","II","No",0.46130604744,"lcmd",1,"Index","Middle"
"53",52,"1","II","No",0.409880971909,"lalt",1,"Middle","Index"
"54",53,"1","II","No",0.360646009445,"lcmd",1,"Index","Middle"
"55",54,"1","II","Yes",0.53399310112,"lalt",1,"Middle","Middle"
"56",55,"1","II","Yes",0.381255054474,"lcmd",1,"Index","Index"
"57",56,"1","II","Yes",0.714885139465,"lcmd",1,"Index","Index"
"58",57,"1","II","Yes",0.367306947708,"lalt",1,"Middle","Middle"
"59",58,"1","II","No",0.541534996033,"lcmd",1,"Index","Middle"
"60",59,"1","II","No",0.451419878006,"lalt",1,"Middle","Index"
"61",60,"1","II","Yes",0.357339096069,"lcmd",1,"Index","Index"
"62",61,"1","II","No",0.507545137405,"lcmd",0,"Middle","Index"
"63",62,"1","II","No",0.904699802399,"lcmd",1,"Index","Middle"
"64",63,"1","II","Yes",0.397446107864,"lalt",1,"Middle","Middle"
"65",64,"1","II","No",0.388573884964,"lcmd",1,"Index","Middle"
"66",65,"1","II","No",0.524287986755,"lalt",1,"Middle","Index"
"67",66,"1","II","Yes",0.593553924561,"lcmd",1,"Index","Index"
"68",67,"1","II","Yes",0.42797703743,"lalt",1,"Middle","Middle"
"69",68,"1","II","Yes",0.528766918182,"lalt",1,"Middle","Middle"
"70",69,"1","II","No",0.489971065521,"lcmd",1,"Index","Middle"
"71",70,"1","II","No",0.399043035507,"lalt",1,"Middle","Index"
"72",71,"1","II","Yes",0.509487915039,"lcmd",1,"Index","Index"
"73",72,"1","II","No",0.745985841751,"lalt",1,"Middle","Index"
"74",73,"1","II","No",0.471548891068,"lcmd",1,"Index","Middle"
"75",74,"1","II","Yes",0.48426117897,"lalt",1,"Middle","Middle"
"76",75,"1","II","Yes",0.375306034088,"lcmd",1,"Index","Index"
"77",76,"1","II","Yes",0.505495071411,"lalt",1,"Middle","Middle"
"78",77,"1","II","No",0.445330953598,"lalt",1,"Middle","Index"
"79",78,"1","II","Yes",0.641015005112,"lcmd",1,"Index","Index"
"80",79,"1","II","No",0.546965932846,"lcmd",1,"Index","Middle"
"81",0,"10","IT","Yes",-19.8176210403,"lcmd",1,"Index","Index"
"82",1,"10","IT","No",-2.32738900185,"lalt",1,"Middle","Index"
"83",2,"10","IT","Yes",0.538255023956,"lalt",1,"Middle","Middle"
"84",3,"10","IT","No",0.602737808228,"lcmd",1,"Index","Middle"
"85",4,"10","IT","Yes",0.435001945496,"lalt",1,"Middle","Middle"
"86",5,"10","IT","No",0.65560092926,"lalt",1,"Middle","Index"
"87",6,"10","IT","Yes",0.75495595932,"lcmd",1,"Index","Index"
"88",7,"10","IT","No",0.87269487381,"lcmd",1,"Index","Middle"
"89",8,"10","IT","Yes",0.81733789444,"lalt",1,"Middle","Middle"
"90",9,"10","IT","No",0.563490009308,"lcmd",1,"Index","Middle"
"91",10,"10","IT","Yes",0.544661903381,"lcmd",1,"Index","Index"
"92",11,"10","IT","No",0.801114845276,"lcmd",0,"Middle","Index"
"93",12,"10","IT","Yes",-3.05124807358,"lalt",0,"Index","Index"
"94",13,"10","IT","No",0.569420051575,"lalt",1,"Middle","Index"
"95",14,"10","IT","Yes",0.431835985184,"lalt",1,"Middle","Middle"
"96",15,"10","IT","No",1.00986499786,"lcmd",1,"Index","Middle"
"97",16,"10","IT","Yes",0.508262014389,"lalt",1,"Middle","Middle"
"98",17,"10","IT","No",0.596117162704,"lalt",1,"Middle","Index"
"99",18,"10","IT","Yes",0.828929948807,"lalt",0,"Index","Index"
"100",19,"10","IT","No",0.892513036728,"lcmd",1,"Index","Middle"
"101",20,"10","IT","No",0.50677113533,"lalt",1,"Middle","Index"
"102",21,"10","IT","Yes",0.517814970017,"lalt",1,"Middle","Middle"
"103",22,"10","IT","No",0.439285898209,"lcmd",1,"Index","Middle"
"104",23,"10","IT","Yes",1.21917285919,"lcmd",1,"Index","Index"
"105",24,"10","IT","Yes",0.503845787048,"lcmd",1,"Index","Index"
"106",25,"10","IT","Yes",0.324740028381,"lalt",1,"Middle","Middle"
"107",26,"10","IT","No",0.409297132492,"lcmd",1,"Index","Middle"
"108",27,"10","IT","No",0.941852903366,"lalt",1,"Middle","Index"
"109",28,"10","IT","Yes",0.602956056595,"lalt",1,"Middle","Middle"
"110",29,"10","IT","Yes",0.297276210785,"lcmd",1,"Index","Index"
"111",30,"10","IT","No",1.01338310242,"lalt",1,"Middle","Index"
"112",31,"10","IT","No",0.838126993179,"lcmd",1,"Index","Middle"
"113",32,"10","IT","Yes",0.501468133926,"lcmd",1,"Index","Index"
"114",33,"10","IT","No",0.578351926804,"lcmd",1,"Index","Middle"
"115",34,"10","IT","Yes",0.363965892792,"lalt",1,"Middle","Middle"
"116",35,"10","IT","No",0.497636175156,"lalt",1,"Middle","Index"
"117",36,"10","IT","Yes",0.499130821228,"lalt",1,"Middle","Middle"
"118",37,"10","IT","No",0.497616147995,"lalt",1,"Middle","Index"
"119",38,"10","IT","Yes",0.388931035995,"lcmd",1,"Index","Index"
"120",39,"10","IT","No",0.465843057632,"lcmd",1,"Index","Middle"
"121",40,"10","IT","Yes",0.468201112747,"lcmd",1,"Index","Index"
"122",41,"10","IT","No",0.475980091095,"lcmd",1,"Index","Middle"
"123",42,"10","IT","Yes",0.390480804443,"lalt",1,"Middle","Middle"
"124",43,"10","IT","No",0.601534128189,"lalt",1,"Middle","Index"
"125",44,"10","IT","Yes",0.45913901329,"lalt",1,"Middle","Middle"
"126",45,"10","IT","No",0.281054115295,"lcmd",0,"Middle","Index"
"127",46,"10","IT","Yes",0.443634128571,"lcmd",1,"Index","Index"
"128",47,"10","IT","No",1.12573409081,"lcmd",1,"Index","Middle"
"129",48,"10","IT","Yes",0.518866825104,"lalt",1,"Middle","Middle"
"130",49,"10","IT","Yes",0.543852996826,"lcmd",1,"Index","Index"
"131",50,"10","IT","No",0.493890047073,"lalt",1,"Middle","Index"
"132",51,"10","IT","No",0.641805124283,"lcmd",1,"Index","Middle"
"133",52,"10","IT","Yes",0.517194843292,"lalt",1,"Middle","Middle"
"134",53,"10","IT","No",0.58593416214,"lcmd",1,"Index","Middle"
"135",54,"10","IT","Yes",0.465838098526,"lcmd",1,"Index","Index"
"136",55,"10","IT","No",0.718247127533,"lalt",1,"Middle","Index"
"137",56,"10","IT","Yes",0.48397102356,"lalt",1,"Middle","Middle"
"138",57,"10","IT","No",0.521093893051,"lalt",1,"Middle","Index"
"139",58,"10","IT","Yes",0.476795959473,"lcmd",1,"Index","Index"
"140",59,"10","IT","No",0.495831012726,"lcmd",1,"Index","Middle"
"141",60,"10","IT","Yes",0.480675077438,"lcmd",1,"Index","Index"
"142",61,"10","IT","No",0.58120803833,"lcmd",1,"Index","Middle"
"143",62,"10","IT","Yes",0.505328893661,"lalt",1,"Middle","Middle"
"144",63,"10","IT","No",0.577705001831,"lalt",1,"Middle","Index"
"145",64,"10","IT","Yes",0.466533088684,"lcmd",1,"Index","Index"
"146",65,"10","IT","No",0.440215015411,"lalt",1,"Middle","Index"
"147",66,"10","IT","Yes",0.454957771301,"lalt",1,"Middle","Middle"
"148",67,"10","IT","No",0.367905950546,"lcmd",1,"Index","Middle"
"149",68,"10","IT","Yes",0.511870098114,"lcmd",1,"Index","Index"
"150",69,"10","IT","No",0.565057182312,"lcmd",1,"Index","Middle"
"151",70,"10","IT","No",0.460816812515,"lalt",1,"Middle","Index"
"152",71,"10","IT","Yes",0.454752874374,"lalt",1,"Middle","Middle"
"153",72,"10","IT","Yes",0.384194040298,"lcmd",1,"Index","Index"
"154",73,"10","IT","Yes",0.378222799301,"lalt",1,"Middle","Middle"
"155",74,"10","IT","No",0.490377044678,"lalt",1,"Middle","Index"
"156",75,"10","IT","No",0.455081892014,"lcmd",1,"Index","Middle"
"157",76,"10","IT","No",0.474926996231,"lcmd",1,"Index","Middle"
"158",77,"10","IT","No",0.490378189087,"lalt",1,"Middle","Index"
"159",78,"10","IT","Yes",0.478513145447,"lalt",1,"Middle","Middle"
"160",79,"10","IT","Yes",0.452553939819,"lcmd",1,"Index","Index"
"161",0,"11","II","Yes",-15.560999918,"lcmd",1,"Index","Index"
"162",1,"11","II","Yes",0.417090082169,"lalt",1,"Middle","Middle"
"163",2,"11","II","No",0.418905067444,"lcmd",1,"Index","Middle"
"164",3,"11","II","No",0.810398197174,"lalt",1,"Middle","Index"
"165",4,"11","II","No",0.482468938828,"lalt",1,"Middle","Index"
"166",5,"11","II","Yes",0.418761873245,"lalt",1,"Middle","Middle"
"167",6,"11","II","Yes",0.485124874115,"lcmd",1,"Index","Index"
"168",7,"11","II","No",0.414552974701,"lcmd",1,"Index","Middle"
"169",8,"11","II","No",0.64143705368,"lalt",1,"Middle","Index"
"170",9,"11","II","No",0.532242965698,"lcmd",1,"Index","Middle"
"171",10,"11","II","Yes",0.446791982651,"lalt",1,"Middle","Middle"
"172",11,"11","II","Yes",0.481585931778,"lcmd",1,"Index","Index"
"173",12,"11","II","Yes",0.483863973618,"lalt",1,"Middle","Middle"
"174",13,"11","II","No",0.480431938171,"lcmd",1,"Index","Middle"
"175",14,"11","II","Yes",0.562961149216,"lcmd",1,"Index","Index"
"176",15,"11","II","No",0.551066970825,"lalt",1,"Middle","Index"
"177",16,"11","II","Yes",0.500108003616,"lalt",1,"Middle","Middle"
"178",17,"11","II","No",0.371468019485,"lcmd",1,"Index","Middle"
"179",18,"11","II","No",0.378004932404,"lalt",1,"Middle","Index"
"180",19,"11","II","Yes",0.503340864181,"lalt",0,"Index","Index"
"181",20,"11","II","Yes",0.406885147095,"lalt",1,"Middle","Middle"
"182",21,"11","II","No",0.48388504982,"lalt",1,"Middle","Index"
"183",22,"11","II","Yes",0.605209970474,"lcmd",1,"Index","Index"
"184",23,"11","II","No",0.580994129181,"lcmd",1,"Index","Middle"
"185",24,"11","II","No",0.552406978607,"lcmd",1,"Index","Middle"
"186",25,"11","II","No",0.39012093544,"lalt",1,"Middle","Index"
"187",26,"11","II","Yes",0.355231904983,"lalt",1,"Middle","Middle"
"188",27,"11","II","Yes",0.3968791008,"lcmd",1,"Index","Index"
"189",28,"11","II","No",0.431003046036,"lalt",1,"Middle","Index"
"190",29,"11","II","Yes",0.49528002739,"lcmd",1,"Index","Index"
"191",30,"11","II","No",0.458453083038,"lcmd",1,"Index","Middle"
"192",31,"11","II","Yes",0.483739089966,"lalt",1,"Middle","Middle"
"193",32,"11","II","No",0.532094812393,"lcmd",1,"Index","Middle"
"194",33,"11","II","No",0.346851015091,"lalt",1,"Middle","Index"
"195",34,"11","II","Yes",0.520909070969,"lcmd",1,"Index","Index"
"196",35,"11","II","Yes",0.387201976776,"lalt",1,"Middle","Middle"
"197",36,"11","II","Yes",0.338282966614,"lalt",1,"Middle","Middle"
"198",37,"11","II","Yes",0.363606023788,"lcmd",1,"Index","Index"
"199",38,"11","II","No",0.355555915832,"lcmd",1,"Index","Middle"
"200",39,"11","II","No",0.34356803894,"lalt",1,"Middle","Index"
"201",40,"11","II","Yes",0.480731153488,"lcmd",1,"Index","Index"
"202",41,"11","II","No",0.404260110855,"lalt",1,"Middle","Index"
"203",42,"11","II","Yes",0.500557994843,"lalt",1,"Middle","Middle"
"204",43,"11","II","No",0.520134067535,"lcmd",1,"Index","Middle"
"205",44,"11","II","Yes",0.417762088776,"lcmd",1,"Index","Index"
"206",45,"11","II","Yes",0.376045084,"lalt",1,"Middle","Middle"
"207",46,"11","II","No",0.540658903122,"lcmd",1,"Index","Middle"
"208",47,"11","II","No",0.395896148682,"lalt",1,"Middle","Index"
"209",48,"11","II","No",0.523959159851,"lcmd",1,"Index","Middle"
"210",49,"11","II","Yes",0.61407995224,"lcmd",1,"Index","Index"
"211",50,"11","II","Yes",0.428119087219,"lalt",1,"Middle","Middle"
"212",51,"11","II","No",0.638512086868,"lalt",1,"Middle","Index"
"213",52,"11","II","Yes",0.385656118393,"lcmd",1,"Index","Index"
"214",53,"11","II","No",0.473468160629,"lcmd",1,"Index","Middle"
"215",54,"11","II","Yes",0.520588064194,"lalt",1,"Middle","Middle"
"216",55,"11","II","No",0.579095983505,"lalt",1,"Middle","Index"
"217",56,"11","II","Yes",0.57675614357,"lalt",1,"Middle","Middle"
"218",57,"11","II","Yes",0.451817178726,"lcmd",1,"Index","Index"
"219",58,"11","II","No",0.424398088455,"lcmd",1,"Index","Middle"
"220",59,"11","II","No",0.471092176437,"lalt",1,"Middle","Index"
"221",60,"11","II","No",0.487928056717,"lcmd",1,"Index","Middle"
"222",61,"11","II","Yes",0.467592048645,"lcmd",1,"Index","Index"
"223",62,"11","II","No",0.390245008469,"lalt",1,"Middle","Index"
"224",63,"11","II","Yes",0.486247110367,"lalt",1,"Middle","Middle"
"225",64,"11","II","No",0.500995874405,"lcmd",1,"Index","Middle"
"226",65,"11","II","Yes",0.405493068695,"lcmd",1,"Index","Index"
"227",66,"11","II","Yes",0.441735029221,"lalt",1,"Middle","Middle"
"228",67,"11","II","No",0.338165092468,"lalt",1,"Middle","Index"
"229",68,"11","II","No",0.469910097122,"lalt",1,"Middle","Index"
"230",69,"11","II","No",0.472964191437,"lcmd",1,"Index","Middle"
"231",70,"11","II","Yes",0.463406801224,"lalt",1,"Middle","Middle"
"232",71,"11","II","Yes",0.397113847732,"lcmd",1,"Index","Index"
"233",72,"11","II","Yes",0.51862783432,"lcmd",1,"Index","Index"
"234",73,"11","II","No",0.6009370327,"lalt",1,"Middle","Index"
"235",74,"11","II","No",0.541329908371,"lcmd",1,"Index","Middle"
"236",75,"11","II","Yes",0.415494060516,"lalt",1,"Middle","Middle"
"237",76,"11","II","Yes",0.710906028748,"lalt",1,"Middle","Middle"
"238",77,"11","II","No",0.417623186111,"lalt",1,"Middle","Index"
"239",78,"11","II","No",0.448678922653,"lcmd",1,"Index","Middle"
"240",79,"11","II","Yes",0.519240808487,"lcmd",1,"Index","Index"
"241",0,"12","IT","Yes",-11.8052340031,"lalt",1,"Middle","Middle"
"242",1,"12","IT","Yes",0.493166971207,"lcmd",1,"Index","Index"
"243",2,"12","IT","No",0.429514884949,"lalt",1,"Middle","Index"
"244",3,"12","IT","No",0.570234870911,"lcmd",1,"Index","Middle"
"245",4,"12","IT","No",0.511541938782,"lalt",1,"Middle","Index"
"246",5,"12","IT","No",0.732920980454,"lcmd",1,"Index","Middle"
"247",6,"12","IT","Yes",0.476627063751,"lalt",1,"Middle","Middle"
"248",7,"12","IT","Yes",0.514590835571,"lcmd",1,"Index","Index"
"249",8,"12","IT","No",0.496834993362,"lcmd",1,"Index","Middle"
"250",9,"12","IT","Yes",0.424460983276,"lalt",1,"Middle","Middle"
"251",10,"12","IT","Yes",0.56075387001,"lcmd",1,"Index","Index"
"252",11,"12","IT","No",0.465808916092,"lalt",1,"Middle","Index"
"253",12,"12","IT","No",0.470874071121,"lalt",1,"Middle","Index"
"254",13,"12","IT","No",0.453535890579,"lcmd",1,"Index","Middle"
"255",14,"12","IT","Yes",0.510785913467,"lalt",1,"Middle","Middle"
"256",15,"12","IT","Yes",0.489460086823,"lcmd",1,"Index","Index"
"257",16,"12","IT","No",0.444134950638,"lalt",1,"Middle","Index"
"258",17,"12","IT","Yes",0.470944166183,"lcmd",1,"Index","Index"
"259",18,"12","IT","Yes",0.406889867783,"lalt",1,"Middle","Middle"
"260",19,"12","IT","No",0.406895065308,"lcmd",1,"Index","Middle"
"261",20,"12","IT","Yes",0.421157979965,"lalt",1,"Middle","Middle"
"262",21,"12","IT","Yes",0.519424057007,"lcmd",1,"Index","Index"
"263",22,"12","IT","No",0.489116001129,"lalt",1,"Middle","Index"
"264",23,"12","IT","No",0.461016082764,"lcmd",1,"Index","Middle"
"265",24,"12","IT","No",0.50994887352,"lcmd",1,"Index","Middle"
"266",25,"12","IT","Yes",0.447296094894,"lalt",1,"Middle","Middle"
"267",26,"12","IT","No",0.485746192932,"lalt",1,"Middle","Index"
"268",27,"12","IT","Yes",0.476381015778,"lcmd",1,"Index","Index"
"269",28,"12","IT","Yes",0.418773889542,"lcmd",1,"Index","Index"
"270",29,"12","IT","No",0.466472101212,"lcmd",1,"Index","Middle"
"271",30,"12","IT","No",0.392047119141,"lalt",1,"Middle","Index"
"272",31,"12","IT","Yes",0.409060049057,"lcmd",0,"Middle","Middle"
"273",32,"12","IT","No",0.535785150528,"lcmd",1,"Index","Middle"
"274",33,"12","IT","Yes",0.515188980102,"lcmd",1,"Index","Index"
"275",34,"12","IT","Yes",0.450520086288,"lalt",1,"Middle","Middle"
"276",35,"12","IT","No",0.517469072342,"lalt",1,"Middle","Index"
"277",36,"12","IT","No",0.540335941315,"lcmd",1,"Index","Middle"
"278",37,"12","IT","No",0.528491020203,"lalt",1,"Middle","Index"
"279",38,"12","IT","Yes",0.514304971695,"lalt",1,"Middle","Middle"
"280",39,"12","IT","Yes",0.415154933929,"lcmd",1,"Index","Index"
"281",40,"12","IT","Yes",0.529552221298,"lcmd",1,"Index","Index"
"282",41,"12","IT","No",0.563601207733,"lcmd",1,"Index","Middle"
"283",42,"12","IT","Yes",0.426062011719,"lalt",1,"Middle","Middle"
"284",43,"12","IT","No",0.512354803085,"lalt",1,"Middle","Index"
"285",44,"12","IT","Yes",0.617863988876,"lcmd",1,"Index","Index"
"286",45,"12","IT","No",0.483527851105,"lcmd",1,"Index","Middle"
"287",46,"12","IT","No",0.496869850159,"lalt",1,"Middle","Index"
"288",47,"12","IT","Yes",0.484337043762,"lalt",1,"Middle","Middle"
"289",48,"12","IT","Yes",0.517033004761,"lalt",1,"Middle","Middle"
"290",49,"12","IT","Yes",0.579361820221,"lcmd",1,"Index","Index"
"291",50,"12","IT","No",0.505263853073,"lalt",1,"Middle","Index"
"292",51,"12","IT","No",0.620429134369,"lcmd",1,"Index","Middle"
"293",52,"12","IT","Yes",0.681256961823,"lcmd",1,"Index","Index"
"294",53,"12","IT","No",0.51188416481,"lalt",1,"Middle","Index"
"295",54,"12","IT","Yes",0.45449590683,"lalt",1,"Middle","Middle"
"296",55,"12","IT","No",0.537848949432,"lcmd",1,"Index","Middle"
"297",56,"12","IT","No",0.487100076675,"lcmd",1,"Index","Middle"
"298",57,"12","IT","Yes",0.753266954422,"lcmd",1,"Index","Index"
"299",58,"12","IT","No",0.48842291832,"lalt",1,"Middle","Index"
"300",59,"12","IT","Yes",0.478906011581,"lalt",1,"Middle","Middle"
"301",60,"12","IT","No",0.510929012299,"lcmd",1,"Index","Middle"
"302",61,"12","IT","Yes",0.917764997482,"lcmd",1,"Index","Index"
"303",62,"12","IT","No",0.498352146149,"lalt",1,"Middle","Index"
"304",63,"12","IT","Yes",0.523259973526,"lalt",1,"Middle","Middle"
"305",64,"12","IT","Yes",0.433715963364,"lcmd",1,"Index","Index"
"306",65,"12","IT","Yes",0.390530014038,"lalt",1,"Middle","Middle"
"307",66,"12","IT","No",0.562246894836,"lalt",1,"Middle","Index"
"308",67,"12","IT","No",0.482395887375,"lalt",0,"Index","Middle"
"309",68,"12","IT","Yes",0.587912034988,"lalt",1,"Middle","Middle"
"310",69,"12","IT","No",0.523349952698,"lalt",1,"Middle","Index"
"311",70,"12","IT","Yes",0.675294971466,"lcmd",1,"Index","Index"
"312",71,"12","IT","No",0.582375097275,"lcmd",1,"Index","Middle"
"313",72,"12","IT","No",0.586607885361,"lcmd",1,"Index","Middle"
"314",73,"12","IT","Yes",0.53675198555,"lalt",1,"Middle","Middle"
"315",74,"12","IT","Yes",0.538757896423,"lcmd",1,"Index","Index"
"316",75,"12","IT","No",0.436298131943,"lalt",1,"Middle","Index"
"317",76,"12","IT","Yes",0.513644838333,"lalt",1,"Middle","Middle"
"318",77,"12","IT","No",0.550382089615,"lalt",1,"Middle","Index"
"319",78,"12","IT","No",0.499681997299,"lcmd",1,"Index","Middle"
"320",79,"12","IT","Yes",0.613021087647,"lcmd",1,"Index","Index"
"321",0,"13","II","No",-22.2378119946,"lalt",1,"Middle","Index"
"322",1,"13","II","No",0.623057079315,"lcmd",1,"Index","Middle"
"323",2,"13","II","Yes",0.705060052872,"lalt",1,"Middle","Middle"
"324",3,"13","II","Yes",0.57852191925,"lcmd",1,"Index","Index"
"325",4,"13","II","No",0.685823106766,"lalt",1,"Middle","Index"
"326",5,"13","II","Yes",0.652838993073,"lalt",1,"Middle","Middle"
"327",6,"13","II","No",0.580761146545,"lcmd",1,"Index","Middle"
"328",7,"13","II","Yes",0.716879987717,"lcmd",1,"Index","Index"
"329",8,"13","II","Yes",0.588652992249,"lcmd",1,"Index","Index"
"330",9,"13","II","Yes",0.638219928741,"lalt",1,"Middle","Middle"
"331",10,"13","II","No",0.596857023239,"lcmd",1,"Index","Middle"
"332",11,"13","II","No",0.547288036346,"lalt",1,"Middle","Index"
"333",12,"13","II","Yes",0.541315078735,"lcmd",1,"Index","Index"
"334",13,"13","II","No",0.504199934006,"lalt",1,"Middle","Index"
"335",14,"13","II","No",0.551861095428,"lcmd",1,"Index","Middle"
"336",15,"13","II","Yes",0.610864114761,"lalt",1,"Middle","Middle"
"337",16,"13","II","Yes",0.612498950958,"lalt",1,"Middle","Middle"
"338",17,"13","II","Yes",0.629450082779,"lcmd",1,"Index","Index"
"339",18,"13","II","No",0.621162033081,"lalt",1,"Middle","Index"
"340",19,"13","II","No",0.625674915314,"lcmd",1,"Index","Middle"
"341",20,"13","II","No",0.613922071457,"lcmd",1,"Index","Middle"
"342",21,"13","II","Yes",0.796385860443,"lalt",1,"Middle","Middle"
"343",22,"13","II","Yes",0.563369894028,"lcmd",1,"Index","Index"
"344",23,"13","II","No",0.703188085556,"lalt",1,"Middle","Index"
"345",24,"13","II","Yes",0.682993078232,"lalt",1,"Middle","Middle"
"346",25,"13","II","No",0.574042892456,"lcmd",1,"Index","Middle"
"347",26,"13","II","No",0.587525081635,"lalt",1,"Middle","Index"
"348",27,"13","II","Yes",0.735435914993,"lcmd",1,"Index","Index"
"349",28,"13","II","No",0.627817821503,"lcmd",1,"Index","Middle"
"350",29,"13","II","No",0.648611974716,"lalt",1,"Middle","Index"
"351",30,"13","II","Yes",0.755972909927,"lalt",1,"Middle","Middle"
"352",31,"13","II","Yes",0.653568935394,"lcmd",1,"Index","Index"
"353",32,"13","II","No",0.731109952927,"lcmd",1,"Index","Middle"
"354",33,"13","II","No",0.704507780075,"lalt",1,"Middle","Index"
"355",34,"13","II","Yes",0.686321973801,"lalt",1,"Middle","Middle"
"356",35,"13","II","Yes",0.538490009308,"lcmd",1,"Index","Index"
"357",36,"13","II","Yes",0.582173109055,"lcmd",1,"Index","Index"
"358",37,"13","II","No",0.687925052643,"lalt",1,"Middle","Index"
"359",38,"13","II","Yes",0.676117992401,"lalt",1,"Middle","Middle"
"360",39,"13","II","No",0.621941804886,"lcmd",1,"Index","Middle"
"361",40,"13","II","Yes",0.639949989319,"lcmd",1,"Index","Index"
"362",41,"13","II","No",0.680107975006,"lalt",1,"Middle","Index"
"363",42,"13","II","Yes",0.641445112228,"lalt",1,"Middle","Middle"
"364",43,"13","II","No",0.711890077591,"lcmd",1,"Index","Middle"
"365",44,"13","II","Yes",0.56155500412,"lalt",1,"Middle","Middle"
"366",45,"13","II","Yes",0.570909070969,"lcmd",1,"Index","Index"
"367",46,"13","II","No",0.584560108185,"lcmd",1,"Index","Middle"
"368",47,"13","II","No",0.609740066528,"lalt",1,"Middle","Index"
"369",48,"13","II","Yes",0.636945056915,"lcmd",1,"Index","Index"
"370",49,"13","II","No",0.579186105728,"lcmd",1,"Index","Middle"
"371",50,"13","II","No",0.629687070847,"lalt",1,"Middle","Index"
"372",51,"13","II","Yes",0.625579929352,"lalt",1,"Middle","Middle"
"373",52,"13","II","No",0.639576053619,"lalt",1,"Middle","Index"
"374",53,"13","II","No",0.724736070633,"lcmd",1,"Index","Middle"
"375",54,"13","II","Yes",0.691097021103,"lalt",1,"Middle","Middle"
"376",55,"13","II","Yes",0.67963385582,"lcmd",1,"Index","Index"
"377",56,"13","II","Yes",0.716464042664,"lcmd",1,"Index","Index"
"378",57,"13","II","No",0.606401109695,"lcmd",1,"Index","Middle"
"379",58,"13","II","No",0.671506977081,"lalt",1,"Middle","Index"
"380",59,"13","II","Yes",0.650514984131,"lalt",1,"Middle","Middle"
"381",60,"13","II","No",0.597398996353,"lcmd",1,"Index","Middle"
"382",61,"13","II","Yes",0.651866006851,"lcmd",1,"Index","Index"
"383",62,"13","II","No",0.644777917862,"lalt",1,"Middle","Index"
"384",63,"13","II","Yes",0.574229955673,"lalt",1,"Middle","Middle"
"385",64,"13","II","No",0.605632162094,"lalt",1,"Middle","Index"
"386",65,"13","II","Yes",0.6024559021,"lcmd",1,"Index","Index"
"387",66,"13","II","No",0.588318872452,"lcmd",1,"Index","Middle"
"388",67,"13","II","Yes",0.675524950027,"lalt",1,"Middle","Middle"
"389",68,"13","II","Yes",0.624303102493,"lcmd",1,"Index","Index"
"390",69,"13","II","No",0.587109184265,"lalt",1,"Middle","Index"
"391",70,"13","II","No",0.650883960724,"lcmd",1,"Index","Middle"
"392",71,"13","II","Yes",0.681996965408,"lalt",1,"Middle","Middle"
"393",72,"13","II","Yes",0.556751203537,"lalt",1,"Middle","Middle"
"394",73,"13","II","Yes",0.56654381752,"lcmd",1,"Index","Index"
"395",74,"13","II","No",0.552138996124,"lcmd",1,"Index","Middle"
"396",75,"13","II","No",0.453353977203,"lalt",1,"Middle","Index"
"397",76,"13","II","No",0.569161939621,"lalt",1,"Middle","Index"
"398",77,"13","II","Yes",0.578596067429,"lalt",1,"Middle","Middle"
"399",78,"13","II","Yes",0.615997982025,"lcmd",1,"Index","Index"
"400",79,"13","II","No",0.674258089066,"lcmd",1,"Index","Middle"
"401",0,"14","IT","Yes",0.830207824707,"lcmd",1,"Index","Index"
"402",1,"14","IT","No",0.489061975479,"lalt",1,"Middle","Index"
"403",2,"14","IT","Yes",0.44244594574,"lalt",1,"Middle","Middle"
"404",3,"14","IT","No",0.399852848053,"lcmd",1,"Index","Middle"
"405",4,"14","IT","Yes",0.537699985504,"lcmd",0,"Middle","Middle"
"406",5,"14","IT","No",0.490402173996,"lcmd",1,"Index","Middle"
"407",6,"14","IT","Yes",0.543549060822,"lcmd",1,"Index","Index"
"408",7,"14","IT","No",0.462207984924,"lalt",1,"Middle","Index"
"409",8,"14","IT","Yes",0.512298154831,"lalt",1,"Middle","Middle"
"410",9,"14","IT","Yes",0.414233016968,"lcmd",1,"Index","Index"
"411",10,"14","IT","No",0.430837202072,"lcmd",1,"Index","Middle"
"412",11,"14","IT","No",0.513165998459,"lalt",1,"Middle","Index"
"413",12,"14","IT","Yes",0.513295841217,"lalt",1,"Middle","Middle"
"414",13,"14","IT","Yes",0.549333000183,"lalt",0,"Index","Index"
"415",14,"14","IT","No",0.54774889946,"lcmd",1,"Index","Middle"
"416",15,"14","IT","No",0.459447813034,"lalt",1,"Middle","Index"
"417",16,"14","IT","No",0.482398176193,"lcmd",1,"Index","Middle"
"418",17,"14","IT","Yes",0.452768182755,"lcmd",1,"Index","Index"
"419",18,"14","IT","Yes",0.474728059769,"lalt",1,"Middle","Middle"
"420",19,"14","IT","No",0.545418024063,"lalt",1,"Middle","Index"
"421",20,"14","IT","Yes",0.498389911652,"lalt",1,"Middle","Middle"
"422",21,"14","IT","No",0.477573013306,"lcmd",1,"Index","Middle"
"423",22,"14","IT","No",0.521265077591,"lalt",1,"Middle","Index"
"424",23,"14","IT","Yes",0.424499130249,"lcmd",1,"Index","Index"
"425",24,"14","IT","Yes",0.56106505394,"lcmd",1,"Index","Index"
"426",25,"14","IT","No",0.540910148621,"lalt",1,"Middle","Index"
"427",26,"14","IT","No",0.543026924133,"lcmd",1,"Index","Middle"
"428",27,"14","IT","Yes",0.535872983933,"lalt",1,"Middle","Middle"
"429",28,"14","IT","Yes",0.577490997314,"lcmd",1,"Index","Index"
"430",29,"14","IT","Yes",0.516737985611,"lalt",1,"Middle","Middle"
"431",30,"14","IT","No",0.51473698616,"lcmd",1,"Index","Middle"
"432",31,"14","IT","No",0.476841783524,"lalt",1,"Middle","Index"
"433",32,"14","IT","No",0.454305028915,"lcmd",1,"Index","Middle"
"434",33,"14","IT","Yes",0.458101844788,"lalt",1,"Middle","Middle"
"435",34,"14","IT","Yes",0.421960878372,"lcmd",1,"Index","Index"
"436",35,"14","IT","No",0.642485952377,"lcmd",0,"Middle","Index"
"437",36,"14","IT","Yes",0.620843219757,"lcmd",1,"Index","Index"
"438",37,"14","IT","Yes",0.507587003708,"lalt",1,"Middle","Middle"
"439",38,"14","IT","No",0.499398851395,"lcmd",1,"Index","Middle"
"440",39,"14","IT","No",0.647870016098,"lalt",1,"Middle","Index"
"441",40,"14","IT","Yes",0.572182941437,"lalt",1,"Middle","Middle"
"442",41,"14","IT","No",0.524139881134,"lcmd",1,"Index","Middle"
"443",42,"14","IT","No",0.515615034103,"lalt",1,"Middle","Index"
"444",43,"14","IT","Yes",0.543450880051,"lcmd",1,"Index","Index"
"445",44,"14","IT","No",0.466166210175,"lalt",1,"Middle","Index"
"446",45,"14","IT","No",0.47748298645,"lcmd",1,"Index","Middle"
"447",46,"14","IT","Yes",0.559313058853,"lalt",1,"Middle","Middle"
"448",47,"14","IT","Yes",0.492446994782,"lcmd",1,"Index","Index"
"449",48,"14","IT","Yes",0.523292970657,"lalt",1,"Middle","Middle"
"450",49,"14","IT","No",0.493331050873,"lcmd",1,"Index","Middle"
"451",50,"14","IT","No",0.621779966354,"lalt",1,"Middle","Index"
"452",51,"14","IT","Yes",0.508878087997,"lcmd",1,"Index","Index"
"453",52,"14","IT","No",0.508743953705,"lalt",1,"Middle","Index"
"454",53,"14","IT","Yes",0.404447126389,"lcmd",1,"Index","Index"
"455",54,"14","IT","No",0.863496875763,"lcmd",1,"Index","Middle"
"456",55,"14","IT","Yes",0.455232048035,"lalt",1,"Middle","Middle"
"457",56,"14","IT","Yes",0.46127204895,"lalt",1,"Middle","Middle"
"458",57,"14","IT","No",0.569732046127,"lcmd",1,"Index","Middle"
"459",58,"14","IT","Yes",0.446709012985,"lcmd",1,"Index","Index"
"460",59,"14","IT","No",0.515748119354,"lalt",1,"Middle","Index"
"461",60,"14","IT","Yes",0.54073805809,"lcmd",1,"Index","Index"
"462",61,"14","IT","No",0.594974994659,"lcmd",1,"Index","Middle"
"463",62,"14","IT","No",0.446457862854,"lalt",1,"Middle","Index"
"464",63,"14","IT","Yes",0.53873705864,"lalt",1,"Middle","Middle"
"465",64,"14","IT","Yes",0.77682390213,"lalt",1,"Middle","Middle"
"466",65,"14","IT","Yes",0.581873989105,"lcmd",1,"Index","Index"
"467",66,"14","IT","No",0.520166969299,"lcmd",1,"Index","Middle"
"468",67,"14","IT","No",0.548378896713,"lalt",1,"Middle","Index"
"469",68,"14","IT","No",0.611866998672,"lalt",1,"Middle","Index"
"470",69,"14","IT","Yes",0.474071073532,"lcmd",1,"Index","Index"
"471",70,"14","IT","Yes",0.554903078079,"lalt",1,"Middle","Middle"
"472",71,"14","IT","No",0.575403022766,"lcmd",1,"Index","Middle"
"473",72,"14","IT","Yes",0.487906885147,"lcmd",1,"Index","Index"
"474",73,"14","IT","Yes",0.533300924301,"lcmd",0,"Middle","Middle"
"475",74,"14","IT","No",0.649143028259,"lcmd",1,"Index","Middle"
"476",75,"14","IT","No",0.708155012131,"lalt",1,"Middle","Index"
"477",76,"14","IT","Yes",0.517013025284,"lalt",1,"Middle","Middle"
"478",77,"14","IT","No",0.573313999176,"lalt",1,"Middle","Index"
"479",78,"14","IT","No",0.357161951065,"lcmd",1,"Index","Middle"
"480",79,"14","IT","Yes",0.631614017487,"lcmd",1,"Index","Index"
"481",0,"15","II","No",0.739262104034,"lcmd",1,"Index","Middle"
"482",1,"15","II","No",0.483640098572,"lalt",1,"Middle","Index"
"483",2,"15","II","Yes",0.592977905273,"lcmd",1,"Index","Index"
"484",3,"15","II","Yes",0.440736913681,"lalt",1,"Middle","Middle"
"485",4,"15","II","No",0.570558929443,"lcmd",1,"Index","Middle"
"486",5,"15","II","Yes",0.568163919449,"lcmd",1,"Index","Index"
"487",6,"15","II","No",0.600787973404,"lalt",1,"Middle","Index"
"488",7,"15","II","Yes",0.440641975403,"lalt",1,"Middle","Middle"
"489",8,"15","II","Yes",0.435291051865,"lcmd",1,"Index","Index"
"490",9,"15","II","Yes",0.559352016449,"lalt",1,"Middle","Middle"
"491",10,"15","II","No",0.755294036865,"lcmd",1,"Index","Middle"
"492",11,"15","II","No",0.642570018768,"lalt",1,"Middle","Index"
"493",12,"15","II","Yes",0.522616052628,"lalt",1,"Middle","Middle"
"494",13,"15","II","No",0.766236925125,"lcmd",1,"Index","Middle"
"495",14,"15","II","Yes",0.631129837036,"lcmd",1,"Index","Index"
"496",15,"15","II","No",0.546793174744,"lalt",1,"Middle","Index"
"497",16,"15","II","Yes",0.509029006958,"lalt",1,"Middle","Middle"
"498",17,"15","II","Yes",0.902156162262,"lcmd",1,"Index","Index"
"499",18,"15","II","No",0.543806123733,"lcmd",1,"Index","Middle"
"500",19,"15","II","No",0.457277870178,"lalt",1,"Middle","Index"
"501",20,"15","II","No",0.602637863159,"lalt",1,"Middle","Index"
"502",21,"15","II","Yes",0.664867830277,"lcmd",1,"Index","Index"
"503",22,"15","II","No",0.576666069031,"lcmd",1,"Index","Middle"
"504",23,"15","II","Yes",0.513254165649,"lalt",1,"Middle","Middle"
"505",24,"15","II","No",0.557142829895,"lalt",1,"Middle","Index"
"506",25,"15","II","Yes",0.617522859573,"lcmd",1,"Index","Index"
"507",26,"15","II","Yes",0.571010017395,"lalt",1,"Middle","Middle"
"508",27,"15","II","No",0.632967853546,"lcmd",1,"Index","Middle"
"509",28,"15","II","Yes",0.766544008255,"lalt",1,"Middle","Middle"
"510",29,"15","II","No",0.850469923019,"lalt",1,"Middle","Index"
"511",30,"15","II","Yes",0.609946060181,"lcmd",1,"Index","Index"
"512",31,"15","II","No",0.640385007858,"lcmd",1,"Index","Middle"
"513",32,"15","II","Yes",0.450028038025,"lcmd",1,"Index","Index"
"514",33,"15","II","No",0.71053404808,"lcmd",1,"Index","Middle"
"515",34,"15","II","No",0.457198858261,"lalt",1,"Middle","Index"
"516",35,"15","II","Yes",0.377832984924,"lalt",1,"Middle","Middle"
"517",36,"15","II","No",0.61602101326,"lalt",1,"Middle","Index"
"518",37,"15","II","Yes",0.482326030731,"lalt",1,"Middle","Middle"
"519",38,"15","II","Yes",0.510206842422,"lcmd",1,"Index","Index"
"520",39,"15","II","No",0.54643406868,"lcmd",1,"Index","Middle"
"521",40,"15","II","Yes",0.67286400795,"lalt",1,"Middle","Middle"
"522",41,"15","II","No",0.668767929077,"lcmd",1,"Index","Middle"
"523",42,"15","II","Yes",0.419664049149,"lcmd",1,"Index","Index"
"524",43,"15","II","No",0.565064048767,"lalt",1,"Middle","Index"
"525",44,"15","II","No",0.558950853348,"lcmd",1,"Index","Middle"
"526",45,"15","II","Yes",0.55506811142,"lalt",1,"Middle","Middle"
"527",46,"15","II","No",0.63877286911,"lalt",1,"Middle","Index"
"528",47,"15","II","Yes",0.597800016403,"lcmd",1,"Index","Index"
"529",48,"15","II","Yes",0.548365020752,"lalt",1,"Middle","Middle"
"530",49,"15","II","No",0.597230148315,"lalt",1,"Middle","Index"
"531",50,"15","II","No",0.670446920395,"lcmd",1,"Index","Middle"
"532",51,"15","II","Yes",0.687030982971,"lcmd",1,"Index","Index"
"533",52,"15","II","Yes",0.498118877411,"lcmd",1,"Index","Index"
"534",53,"15","II","Yes",0.381854915619,"lalt",1,"Middle","Middle"
"535",54,"15","II","No",0.546902990341,"lalt",1,"Middle","Index"
"536",55,"15","II","No",0.447409057617,"lcmd",1,"Index","Middle"
"537",56,"15","II","No",0.47882194519,"lalt",1,"Middle","Index"
"538",57,"15","II","No",0.532040977478,"lcmd",1,"Index","Middle"
"539",58,"15","II","Yes",0.484643030167,"lcmd",1,"Index","Index"
"540",59,"15","II","Yes",0.487507867813,"lalt",1,"Middle","Middle"
"541",60,"15","II","Yes",0.604841947556,"lalt",1,"Middle","Middle"
"542",61,"15","II","No",0.55466799736,"lalt",1,"Middle","Index"
"543",62,"15","II","Yes",0.441868019104,"lcmd",1,"Index","Index"
"544",63,"15","II","No",0.621445846558,"lcmd",1,"Index","Middle"
"545",64,"15","II","Yes",0.532490921021,"lcmd",1,"Index","Index"
"546",65,"15","II","No",0.59880695343,"lalt",1,"Middle","Index"
"547",66,"15","II","Yes",0.605109834671,"lalt",1,"Middle","Middle"
"548",67,"15","II","No",0.517588949204,"lcmd",1,"Index","Middle"
"549",68,"15","II","No",0.550937128067,"lcmd",1,"Index","Middle"
"550",69,"15","II","Yes",0.651941967011,"lcmd",1,"Index","Index"
"551",70,"15","II","No",0.864114952087,"lalt",1,"Middle","Index"
"552",71,"15","II","Yes",0.497386980057,"lalt",1,"Middle","Middle"
"553",72,"15","II","Yes",0.504909038544,"lcmd",1,"Index","Index"
"554",73,"15","II","No",0.532461833954,"lalt",1,"Middle","Index"
"555",74,"15","II","No",0.720755052567,"lcmd",1,"Index","Middle"
"556",75,"15","II","Yes",0.643405199051,"lalt",1,"Middle","Middle"
"557",76,"15","II","No",0.711437082291,"lalt",1,"Middle","Index"
"558",77,"15","II","No",0.538376951218,"lcmd",1,"Index","Middle"
"559",78,"15","II","Yes",0.584555006027,"lalt",1,"Middle","Middle"
"560",79,"15","II","Yes",0.501557922363,"lcmd",1,"Index","Index"
"561",0,"2","IT","Yes",-5.26503095627,"lcmd",0,"Middle","Middle"
"562",1,"2","IT","No",0.460205030441,"lalt",1,"Middle","Index"
"563",2,"2","IT","No",0.425823831558,"lcmd",1,"Index","Middle"
"564",3,"2","IT","Yes",0.451656961441,"lcmd",1,"Index","Index"
"565",4,"2","IT","Yes",0.427900934219,"lcmd",1,"Index","Index"
"566",5,"2","IT","Yes",0.444539022446,"lalt",1,"Middle","Middle"
"567",6,"2","IT","No",0.348041009903,"lcmd",1,"Index","Middle"
"568",7,"2","IT","No",0.415144968033,"lalt",1,"Middle","Index"
"569",8,"2","IT","No",0.450255012512,"lalt",1,"Middle","Index"
"570",9,"2","IT","Yes",0.474401044846,"lalt",1,"Middle","Middle"
"571",10,"2","IT","No",0.433822965622,"lcmd",1,"Index","Middle"
"572",11,"2","IT","Yes",0.443905067444,"lcmd",1,"Index","Index"
"573",12,"2","IT","Yes",0.588577890396,"lalt",1,"Middle","Middle"
"574",13,"2","IT","No",0.43580493927,"lalt",1,"Middle","Index"
"575",14,"2","IT","Yes",0.457545995712,"lalt",0,"Index","Index"
"576",15,"2","IT","No",0.495370006561,"lcmd",1,"Index","Middle"
"577",16,"2","IT","No",0.51807308197,"lalt",1,"Middle","Index"
"578",17,"2","IT","No",0.433641910553,"lcmd",1,"Index","Middle"
"579",18,"2","IT","Yes",0.368601179123,"lalt",1,"Middle","Middle"
"580",19,"2","IT","Yes",0.429457092285,"lcmd",1,"Index","Index"
"581",20,"2","IT","Yes",0.365535163879,"lalt",1,"Middle","Middle"
"582",21,"2","IT","Yes",0.351389026642,"lcmd",1,"Index","Index"
"583",22,"2","IT","No",0.428830003738,"lalt",0,"Index","Middle"
"584",23,"2","IT","No",0.450013065338,"lalt",1,"Middle","Index"
"585",24,"2","IT","No",0.52830414772,"lalt",1,"Middle","Index"
"586",25,"2","IT","No",0.506992053986,"lcmd",1,"Index","Middle"
"587",26,"2","IT","Yes",0.367031049728,"lalt",1,"Middle","Middle"
"588",27,"2","IT","Yes",0.443407011032,"lcmd",1,"Index","Index"
"589",28,"2","IT","Yes",0.417891979218,"lalt",1,"Middle","Middle"
"590",29,"2","IT","No",0.439078903198,"lcmd",0,"Middle","Index"
"591",30,"2","IT","No",0.503214931488,"lcmd",1,"Index","Middle"
"592",31,"2","IT","Yes",0.447834968567,"lcmd",1,"Index","Index"
"593",32,"2","IT","Yes",0.390799045563,"lalt",1,"Middle","Middle"
"594",33,"2","IT","Yes",0.401926994324,"lcmd",1,"Index","Index"
"595",34,"2","IT","No",0.511492776871,"lcmd",1,"Index","Middle"
"596",35,"2","IT","No",0.490406942368,"lalt",1,"Middle","Index"
"597",36,"2","IT","No",0.43025894165,"lcmd",1,"Index","Middle"
"598",37,"2","IT","Yes",0.452105140686,"lcmd",1,"Index","Index"
"599",38,"2","IT","Yes",0.462109947205,"lalt",1,"Middle","Middle"
"600",39,"2","IT","No",0.664272069931,"lalt",1,"Middle","Index"
"601",40,"2","IT","Yes",0.484280872345,"lalt",1,"Middle","Middle"
"602",41,"2","IT","Yes",0.395676088333,"lcmd",1,"Index","Index"
"603",42,"2","IT","No",0.410740041733,"lalt",1,"Middle","Index"
"604",43,"2","IT","No",0.656316041946,"lcmd",1,"Index","Middle"
"605",44,"2","IT","Yes",0.413679122925,"lalt",1,"Middle","Middle"
"606",45,"2","IT","No",0.509243965149,"lalt",1,"Middle","Index"
"607",46,"2","IT","No",0.571943092346,"lcmd",1,"Index","Middle"
"608",47,"2","IT","Yes",0.438093996048,"lcmd",1,"Index","Index"
"609",48,"2","IT","Yes",0.452342128754,"lcmd",1,"Index","Index"
"610",49,"2","IT","No",0.507016897202,"lcmd",1,"Index","Middle"
"611",50,"2","IT","No",0.52625617981,"lalt",1,"Middle","Index"
"612",51,"2","IT","Yes",0.480744934082,"lalt",1,"Middle","Middle"
"613",52,"2","IT","No",0.370481872559,"lcmd",1,"Index","Middle"
"614",53,"2","IT","Yes",0.463139057159,"lalt",1,"Middle","Middle"
"615",54,"2","IT","Yes",0.408645057678,"lcmd",1,"Index","Index"
"616",55,"2","IT","No",0.406626939774,"lalt",1,"Middle","Index"
"617",56,"2","IT","No",0.356090974808,"lcmd",1,"Index","Middle"
"618",57,"2","IT","Yes",0.43787894249,"lcmd",1,"Index","Index"
"619",58,"2","IT","Yes",0.364772987366,"lalt",1,"Middle","Middle"
"620",59,"2","IT","No",0.411732149124,"lcmd",0,"Middle","Index"
"621",60,"2","IT","Yes",0.42751994133,"lcmd",1,"Index","Index"
"622",61,"2","IT","No",0.419339895248,"lcmd",1,"Index","Middle"
"623",62,"2","IT","Yes",0.357174158096,"lalt",1,"Middle","Middle"
"624",63,"2","IT","No",0.388444852829,"lcmd",0,"Middle","Index"
"625",64,"2","IT","Yes",0.456300878525,"lcmd",1,"Index","Index"
"626",65,"2","IT","Yes",0.397453975678,"lalt",1,"Middle","Middle"
"627",66,"2","IT","No",0.486080026627,"lcmd",0,"Middle","Index"
"628",67,"2","IT","No",0.456655931473,"lcmd",1,"Index","Middle"
"629",68,"2","IT","No",0.389796829224,"lcmd",1,"Index","Middle"
"630",69,"2","IT","Yes",0.446365022659,"lalt",1,"Middle","Middle"
"631",70,"2","IT","No",0.457482004166,"lalt",1,"Middle","Index"
"632",71,"2","IT","Yes",0.426844978332,"lcmd",1,"Index","Index"
"633",72,"2","IT","No",0.412039041519,"lcmd",1,"Index","Middle"
"634",73,"2","IT","No",0.44654917717,"lalt",1,"Middle","Index"
"635",74,"2","IT","Yes",0.418120002747,"lalt",1,"Middle","Middle"
"636",75,"2","IT","Yes",0.318933868408,"lcmd",1,"Index","Index"
"637",76,"2","IT","Yes",0.448922014236,"lcmd",1,"Index","Index"
"638",77,"2","IT","No",0.460109043121,"lalt",1,"Middle","Index"
"639",78,"2","IT","No",0.496307086945,"lcmd",1,"Index","Middle"
"640",79,"2","IT","Yes",0.441329956055,"lalt",1,"Middle","Middle"
"641",0,"3","II","No",0.5288189888,"lalt",1,"Middle","Index"
"642",1,"3","II","No",0.504836034775,"lcmd",1,"Index","Middle"
"643",2,"3","II","Yes",0.391747093201,"lalt",1,"Middle","Middle"
"644",3,"3","II","Yes",0.463397169113,"lcmd",1,"Index","Index"
"645",4,"3","II","Yes",0.567072057724,"lalt",1,"Middle","Middle"
"646",5,"3","II","Yes",0.490997982025,"lcmd",1,"Index","Index"
"647",6,"3","II","No",0.43383898735,"lalt",1,"Middle","Index"
"648",7,"3","II","No",0.557134103775,"lcmd",1,"Index","Middle"
"649",8,"3","II","No",0.45879907608,"lalt",1,"Middle","Index"
"650",9,"3","II","No",0.510220003128,"lcmd",1,"Index","Middle"
"651",10,"3","II","Yes",0.530847978592,"lcmd",1,"Index","Index"
"652",11,"3","II","Yes",0.425791168213,"lalt",1,"Middle","Middle"
"653",12,"3","II","No",0.467240858078,"lalt",1,"Middle","Index"
"654",13,"3","II","No",0.534474945068,"lcmd",1,"Index","Middle"
"655",14,"3","II","Yes",0.419074964523,"lalt",1,"Middle","Middle"
"656",15,"3","II","Yes",0.489718103409,"lcmd",1,"Index","Index"
"657",16,"3","II","No",0.444875001907,"lcmd",1,"Index","Middle"
"658",17,"3","II","Yes",0.554694032669,"lcmd",1,"Index","Index"
"659",18,"3","II","Yes",0.441118907928,"lalt",1,"Middle","Middle"
"660",19,"3","II","No",0.469089126587,"lalt",1,"Middle","Index"
"661",20,"3","II","No",0.467985010147,"lcmd",1,"Index","Middle"
"662",21,"3","II","Yes",0.477468109131,"lalt",1,"Middle","Middle"
"663",22,"3","II","Yes",0.470293998718,"lcmd",1,"Index","Index"
"664",23,"3","II","No",0.901549196243,"lalt",1,"Middle","Index"
"665",24,"3","II","No",0.463342094421,"lcmd",1,"Index","Middle"
"666",25,"3","II","Yes",0.518958902359,"lcmd",1,"Index","Index"
"667",26,"3","II","No",0.461637926102,"lalt",1,"Middle","Index"
"668",27,"3","II","Yes",0.587700986862,"lalt",1,"Middle","Middle"
"669",28,"3","II","No",0.498098087311,"lalt",1,"Middle","Index"
"670",29,"3","II","Yes",0.443375062942,"lcmd",1,"Index","Index"
"671",30,"3","II","No",0.461014080048,"lcmd",1,"Index","Middle"
"672",31,"3","II","Yes",0.440553188324,"lalt",1,"Middle","Middle"
"673",32,"3","II","Yes",0.417110109329,"lalt",1,"Middle","Middle"
"674",33,"3","II","No",0.456484079361,"lalt",1,"Middle","Index"
"675",34,"3","II","Yes",0.409341001511,"lcmd",1,"Index","Index"
"676",35,"3","II","No",0.480680942535,"lcmd",1,"Index","Middle"
"677",36,"3","II","No",0.529115867615,"lalt",1,"Middle","Index"
"678",37,"3","II","Yes",0.479283094406,"lcmd",1,"Index","Index"
"679",38,"3","II","Yes",0.427659130096,"lalt",1,"Middle","Middle"
"680",39,"3","II","No",0.490363073349,"lcmd",1,"Index","Middle"
"681",40,"3","II","Yes",0.451526117325,"lalt",1,"Middle","Middle"
"682",41,"3","II","No",0.521620082855,"lcmd",1,"Index","Middle"
"683",42,"3","II","No",0.445512056351,"lalt",1,"Middle","Index"
"684",43,"3","II","Yes",0.433550024033,"lcmd",1,"Index","Index"
"685",44,"3","II","No",0.49542183876,"lcmd",1,"Index","Middle"
"686",45,"3","II","Yes",0.468213891983,"lcmd",1,"Index","Index"
"687",46,"3","II","Yes",0.416955947876,"lalt",1,"Middle","Middle"
"688",47,"3","II","No",0.42452788353,"lalt",1,"Middle","Index"
"689",48,"3","II","No",0.480763149262,"lcmd",1,"Index","Middle"
"690",49,"3","II","Yes",0.466413927078,"lcmd",1,"Index","Index"
"691",50,"3","II","Yes",0.584658908844,"lalt",1,"Middle","Middle"
"692",51,"3","II","No",0.466945886612,"lalt",1,"Middle","Index"
"693",52,"3","II","No",0.505112123489,"lalt",1,"Middle","Index"
"694",53,"3","II","Yes",0.496055841446,"lcmd",1,"Index","Index"
"695",54,"3","II","Yes",0.471953010559,"lalt",1,"Middle","Middle"
"696",55,"3","II","No",0.49640007019,"lalt",0,"Index","Middle"
"697",56,"3","II","Yes",0.598684024811,"lcmd",1,"Index","Index"
"698",57,"3","II","Yes",0.460454130173,"lalt",1,"Middle","Middle"
"699",58,"3","II","No",0.488663911819,"lalt",1,"Middle","Index"
"700",59,"3","II","No",0.434252023697,"lcmd",1,"Index","Middle"
"701",60,"3","II","Yes",0.447514915466,"lalt",1,"Middle","Middle"
"702",61,"3","II","No",0.5025639534,"lcmd",1,"Index","Middle"
"703",62,"3","II","No",0.476080942154,"lalt",1,"Middle","Index"
"704",63,"3","II","Yes",0.483257007599,"lcmd",1,"Index","Index"
"705",64,"3","II","No",0.515057945251,"lcmd",1,"Index","Middle"
"706",65,"3","II","Yes",0.715071153641,"lalt",1,"Middle","Middle"
"707",66,"3","II","Yes",0.521549987793,"lcmd",1,"Index","Index"
"708",67,"3","II","No",0.50074300766,"lalt",1,"Middle","Index"
"709",68,"3","II","No",0.613015174866,"lalt",1,"Middle","Index"
"710",69,"3","II","Yes",0.579876995087,"lcmd",1,"Index","Index"
"711",70,"3","II","No",0.517020845413,"lcmd",1,"Index","Middle"
"712",71,"3","II","Yes",0.701639080048,"lalt",1,"Middle","Middle"
"713",72,"3","II","Yes",0.459141159058,"lcmd",1,"Index","Index"
"714",73,"3","II","No",0.569721078873,"lcmd",1,"Index","Middle"
"715",74,"3","II","No",0.531877040863,"lalt",1,"Middle","Index"
"716",75,"3","II","Yes",0.787767076492,"lalt",1,"Middle","Middle"
"717",76,"3","II","No",0.583740091324,"lcmd",1,"Index","Middle"
"718",77,"3","II","Yes",0.506908130646,"lcmd",1,"Index","Index"
"719",78,"3","II","No",0.51676697731,"lalt",1,"Middle","Index"
"720",79,"3","II","Yes",0.511805915832,"lalt",1,"Middle","Middle"
"721",0,"4","IT","No",-13.2315809727,"lcmd",1,"Index","Middle"
"722",1,"4","IT","Yes",0.569158887863,"lcmd",1,"Index","Index"
"723",2,"4","IT","No",0.673577928543,"lalt",1,"Middle","Index"
"724",3,"4","IT","Yes",0.571750879288,"lalt",1,"Middle","Middle"
"725",4,"4","IT","Yes",0.699734115601,"lcmd",1,"Index","Index"
"726",5,"4","IT","Yes",0.502014017105,"lalt",1,"Middle","Middle"
"727",6,"4","IT","No",0.620046806335,"lcmd",1,"Index","Middle"
"728",7,"4","IT","No",0.603539943695,"lalt",1,"Middle","Index"
"729",8,"4","IT","Yes",0.559842967987,"lalt",1,"Middle","Middle"
"730",9,"4","IT","No",0.443963003159,"lcmd",1,"Index","Middle"
"731",10,"4","IT","Yes",0.483951807022,"lcmd",1,"Index","Index"
"732",11,"4","IT","No",0.620394945145,"lalt",1,"Middle","Index"
"733",12,"4","IT","Yes",0.445606851578,"lalt",1,"Middle","Middle"
"734",13,"4","IT","No",0.563514137268,"lcmd",1,"Index","Middle"
"735",14,"4","IT","No",0.596024084091,"lalt",1,"Middle","Index"
"736",15,"4","IT","Yes",0.488501930237,"lcmd",1,"Index","Index"
"737",16,"4","IT","No",0.627365970612,"lcmd",1,"Index","Middle"
"738",17,"4","IT","Yes",0.610064172745,"lalt",1,"Middle","Middle"
"739",18,"4","IT","Yes",0.501346158981,"lcmd",1,"Index","Index"
"740",19,"4","IT","No",0.825363016129,"lalt",1,"Middle","Index"
"741",20,"4","IT","Yes",0.566465997696,"lalt",1,"Middle","Middle"
"742",21,"4","IT","No",0.472297906876,"lcmd",1,"Index","Middle"
"743",22,"4","IT","Yes",0.490816926956,"lcmd",1,"Index","Index"
"744",23,"4","IT","No",0.786637020111,"lalt",1,"Middle","Index"
"745",24,"4","IT","Yes",0.495805931091,"lalt",1,"Middle","Middle"
"746",25,"4","IT","Yes",0.537591028214,"lcmd",1,"Index","Index"
"747",26,"4","IT","No",0.552397108078,"lcmd",1,"Index","Middle"
"748",27,"4","IT","No",0.519085025787,"lalt",1,"Middle","Index"
"749",28,"4","IT","No",0.661463975906,"lcmd",1,"Index","Middle"
"750",29,"4","IT","No",0.48342499733,"lalt",1,"Middle","Index"
"751",30,"4","IT","Yes",0.481201219559,"lcmd",1,"Index","Index"
"752",31,"4","IT","Yes",0.417038011551,"lalt",1,"Middle","Middle"
"753",32,"4","IT","No",0.451664876938,"lalt",1,"Middle","Index"
"754",33,"4","IT","No",0.532835006714,"lcmd",1,"Index","Middle"
"755",34,"4","IT","Yes",0.411611938477,"lalt",1,"Middle","Middle"
"756",35,"4","IT","Yes",0.416109991074,"lcmd",1,"Index","Index"
"757",36,"4","IT","No",0.450576114654,"lalt",1,"Middle","Index"
"758",37,"4","IT","No",0.490033960342,"lcmd",1,"Index","Middle"
"759",38,"4","IT","Yes",0.48438615799,"lalt",1,"Middle","Middle"
"760",39,"4","IT","Yes",0.57346405983,"lcmd",1,"Index","Index"
"761",40,"4","IT","No",0.580461168289,"lalt",1,"Middle","Index"
"762",41,"4","IT","No",0.672492074966,"lcmd",1,"Index","Middle"
"763",42,"4","IT","Yes",0.512243080139,"lalt",1,"Middle","Middle"
"764",43,"4","IT","Yes",0.44258813858,"lcmd",1,"Index","Index"
"765",44,"4","IT","No",0.5794880867,"lalt",0,"Index","Middle"
"766",45,"4","IT","No",0.80703792572,"lalt",1,"Middle","Index"
"767",46,"4","IT","Yes",0.520798158646,"lalt",1,"Middle","Middle"
"768",47,"4","IT","Yes",0.476591920853,"lcmd",1,"Index","Index"
"769",48,"4","IT","Yes",0.411139822006,"lcmd",1,"Index","Index"
"770",49,"4","IT","No",0.609033918381,"lalt",1,"Middle","Index"
"771",50,"4","IT","Yes",0.476639986038,"lalt",1,"Middle","Middle"
"772",51,"4","IT","No",0.824548053741,"lcmd",1,"Index","Middle"
"773",52,"4","IT","Yes",0.628116226196,"lalt",1,"Middle","Middle"
"774",53,"4","IT","No",0.872070026398,"lalt",1,"Middle","Index"
"775",54,"4","IT","No",0.483764028549,"lalt",0,"Index","Middle"
"776",55,"4","IT","Yes",0.612440061569,"lcmd",1,"Index","Index"
"777",56,"4","IT","No",0.539066839218,"lcmd",1,"Index","Middle"
"778",57,"4","IT","Yes",0.774739074707,"lalt",1,"Middle","Middle"
"779",58,"4","IT","Yes",0.607170057297,"lcmd",1,"Index","Index"
"780",59,"4","IT","No",0.578768777847,"lalt",1,"Middle","Index"
"781",60,"4","IT","No",0.659250116348,"lalt",1,"Middle","Index"
"782",61,"4","IT","No",-1.36067404747,"lalt",0,"Index","Middle"
"783",62,"4","IT","Yes",0.684484148025,"lalt",1,"Middle","Middle"
"784",63,"4","IT","Yes",0.612790870666,"lcmd",1,"Index","Index"
"785",64,"4","IT","Yes",0.49391503334,"lalt",1,"Middle","Middle"
"786",65,"4","IT","No",0.591008996964,"lcmd",1,"Index","Middle"
"787",66,"4","IT","No",0.588618040085,"lalt",1,"Middle","Index"
"788",67,"4","IT","Yes",0.569777965546,"lcmd",1,"Index","Index"
"789",68,"4","IT","Yes",0.45628490448,"lalt",1,"Middle","Middle"
"790",69,"4","IT","No",0.501703977585,"lcmd",0,"Middle","Index"
"791",70,"4","IT","Yes",0.665544080734,"lcmd",1,"Index","Index"
"792",71,"4","IT","No",0.468155956268,"lcmd",1,"Index","Middle"
"793",72,"4","IT","No",0.784663009644,"lalt",1,"Middle","Index"
"794",73,"4","IT","No",0.934795093536,"lcmd",1,"Index","Middle"
"795",74,"4","IT","Yes",0.495615959167,"lalt",1,"Middle","Middle"
"796",75,"4","IT","Yes",0.463847017288,"lcmd",1,"Index","Index"
"797",76,"4","IT","No",0.523994874954,"lcmd",1,"Index","Middle"
"798",77,"4","IT","No",0.527696084976,"lalt",1,"Middle","Index"
"799",78,"4","IT","Yes",0.535751104355,"lcmd",1,"Index","Index"
"800",79,"4","IT","Yes",0.438240194321,"lalt",1,"Middle","Middle"
"801",0,"5","II","No",-9.45241484642,"lcmd",0,"Middle","Index"
"802",1,"5","II","Yes",0.416017055511,"lcmd",1,"Index","Index"
"803",2,"5","II","Yes",0.550906038284,"lalt",1,"Middle","Middle"
"804",3,"5","II","No",0.605326843262,"lcmd",1,"Index","Middle"
"805",4,"5","II","Yes",0.589470005035,"lcmd",1,"Index","Index"
"806",5,"5","II","Yes",0.43673787117,"lalt",1,"Middle","Middle"
"807",6,"5","II","No",0.4771089077,"lcmd",1,"Index","Middle"
"808",7,"5","II","No",0.514144039154,"lalt",1,"Middle","Index"
"809",8,"5","II","Yes",0.724733972549,"lalt",1,"Middle","Middle"
"810",9,"5","II","No",0.500208044052,"lalt",1,"Middle","Index"
"811",10,"5","II","Yes",0.726774787903,"lcmd",1,"Index","Index"
"812",11,"5","II","No",0.543693161011,"lcmd",1,"Index","Middle"
"813",12,"5","II","Yes",0.455032110214,"lalt",1,"Middle","Middle"
"814",13,"5","II","Yes",0.555031967163,"lcmd",1,"Index","Index"
"815",14,"5","II","No",0.531615829468,"lalt",1,"Middle","Index"
"816",15,"5","II","No",0.502990055084,"lcmd",1,"Index","Middle"
"817",16,"5","II","Yes",0.679460000992,"lalt",1,"Middle","Middle"
"818",17,"5","II","No",0.719355964661,"lalt",1,"Middle","Index"
"819",18,"5","II","No",0.570722913742,"lcmd",1,"Index","Middle"
"820",19,"5","II","Yes",0.613933038712,"lcmd",1,"Index","Index"
"821",20,"5","II","No",0.46792678833,"lcmd",1,"Index","Middle"
"822",21,"5","II","No",0.504714107513,"lalt",1,"Middle","Index"
"823",22,"5","II","Yes",0.482518005371,"lcmd",1,"Index","Index"
"824",23,"5","II","Yes",0.394585847855,"lcmd",0,"Middle","Middle"
"825",24,"5","II","No",0.612340068817,"lalt",1,"Middle","Index"
"826",25,"5","II","No",0.788298892975,"lcmd",1,"Index","Middle"
"827",26,"5","II","Yes",0.754842853546,"lcmd",1,"Index","Index"
"828",27,"5","II","Yes",0.364421081543,"lalt",1,"Middle","Middle"
"829",28,"5","II","Yes",0.756873989105,"lcmd",1,"Index","Index"
"830",29,"5","II","No",0.453038930893,"lcmd",1,"Index","Middle"
"831",30,"5","II","Yes",0.433683109283,"lalt",1,"Middle","Middle"
"832",31,"5","II","No",0.525533056259,"lalt",1,"Middle","Index"
"833",32,"5","II","Yes",0.54294500351,"lalt",1,"Middle","Middle"
"834",33,"5","II","No",0.656295919418,"lalt",1,"Middle","Index"
"835",34,"5","II","No",0.56958899498,"lalt",0,"Index","Middle"
"836",35,"5","II","Yes",0.537852859497,"lcmd",1,"Index","Index"
"837",36,"5","II","Yes",0.445989942551,"lalt",1,"Middle","Middle"
"838",37,"5","II","Yes",0.735424041748,"lcmd",1,"Index","Index"
"839",38,"5","II","No",0.667738866806,"lcmd",1,"Index","Middle"
"840",39,"5","II","No",0.516546010971,"lcmd",0,"Middle","Index"
"841",40,"5","II","Yes",0.571514940262,"lcmd",1,"Index","Index"
"842",41,"5","II","No",0.63997092247,"lalt",1,"Middle","Index"
"843",42,"5","II","Yes",0.901218128204,"lalt",1,"Middle","Middle"
"844",43,"5","II","No",0.591702890396,"lcmd",1,"Index","Middle"
"845",44,"5","II","Yes",0.460173940659,"lalt",1,"Middle","Middle"
"846",45,"5","II","No",0.605201101303,"lalt",1,"Middle","Index"
"847",46,"5","II","No",0.543300151825,"lcmd",1,"Index","Middle"
"848",47,"5","II","Yes",0.671085214615,"lcmd",1,"Index","Index"
"849",48,"5","II","Yes",0.810995006561,"lcmd",1,"Index","Index"
"850",49,"5","II","Yes",0.583073997498,"lalt",1,"Middle","Middle"
"851",50,"5","II","No",0.664554166794,"lcmd",1,"Index","Middle"
"852",51,"5","II","No",0.517465019226,"lalt",1,"Middle","Index"
"853",52,"5","II","Yes",0.547556066513,"lalt",1,"Middle","Middle"
"854",53,"5","II","No",0.483687973022,"lalt",1,"Middle","Index"
"855",54,"5","II","Yes",0.451676845551,"lcmd",1,"Index","Index"
"856",55,"5","II","No",0.579347896576,"lcmd",1,"Index","Middle"
"857",56,"5","II","Yes",0.380118942261,"lalt",1,"Middle","Middle"
"858",57,"5","II","No",0.520727825165,"lcmd",1,"Index","Middle"
"859",58,"5","II","Yes",0.530103063583,"lcmd",1,"Index","Index"
"860",59,"5","II","No",0.721965932846,"lalt",1,"Middle","Index"
"861",60,"5","II","Yes",0.515665102005,"lcmd",1,"Index","Index"
"862",61,"5","II","Yes",0.597930955887,"lalt",1,"Middle","Middle"
"863",62,"5","II","No",0.558454847336,"lalt",1,"Middle","Index"
"864",63,"5","II","No",0.456352043152,"lcmd",1,"Index","Middle"
"865",64,"5","II","No",0.569587087631,"lalt",1,"Middle","Index"
"866",65,"5","II","Yes",0.539462041855,"lalt",1,"Middle","Middle"
"867",66,"5","II","Yes",0.669972038269,"lcmd",1,"Index","Index"
"868",67,"5","II","No",0.602099895477,"lcmd",1,"Index","Middle"
"869",68,"5","II","No",0.466027927399,"lalt",1,"Middle","Index"
"870",69,"5","II","Yes",0.448164987564,"lcmd",1,"Index","Index"
"871",70,"5","II","Yes",0.553987026215,"lalt",1,"Middle","Middle"
"872",71,"5","II","No",0.741902065277,"lcmd",1,"Index","Middle"
"873",72,"5","II","Yes",0.655262851715,"lcmd",1,"Index","Index"
"874",73,"5","II","Yes",0.441703033447,"lalt",1,"Middle","Middle"
"875",74,"5","II","No",0.590039205551,"lcmd",1,"Index","Middle"
"876",75,"5","II","No",0.594877052307,"lalt",1,"Middle","Index"
"877",76,"5","II","Yes",0.454085063934,"lcmd",1,"Index","Index"
"878",77,"5","II","No",0.572593164444,"lalt",1,"Middle","Index"
"879",78,"5","II","Yes",0.453623008728,"lalt",1,"Middle","Middle"
"880",79,"5","II","No",0.442354822159,"lcmd",1,"Index","Middle"
"881",0,"6","IT","Yes",-22.5144327641,"lalt",1,"Middle","Middle"
"882",1,"6","IT","Yes",0.627786827087,"lcmd",1,"Index","Index"
"883",2,"6","IT","No",0.861942005158,"lalt",1,"Middle","Index"
"884",3,"6","IT","No",0.87860994339,"lcmd",1,"Index","Middle"
"885",4,"6","IT","Yes",1.05138201714,"lalt",1,"Middle","Middle"
"886",5,"6","IT","No",0.722107028961,"lalt",1,"Middle","Index"
"887",6,"6","IT","No",0.845351934433,"lcmd",1,"Index","Middle"
"888",7,"6","IT","Yes",0.679845905304,"lcmd",1,"Index","Index"
"889",8,"6","IT","No",0.750739192963,"lcmd",1,"Index","Middle"
"890",9,"6","IT","Yes",0.669591808319,"lcmd",1,"Index","Index"
"891",10,"6","IT","Yes",0.539804887772,"lalt",1,"Middle","Middle"
"892",11,"6","IT","No",0.680380105972,"lalt",1,"Middle","Index"
"893",12,"6","IT","Yes",0.718687057495,"lalt",1,"Middle","Middle"
"894",13,"6","IT","No",0.914499950409,"lcmd",1,"Index","Middle"
"895",14,"6","IT","No",0.725444030762,"lalt",1,"Middle","Index"
"896",15,"6","IT","Yes",0.867454957962,"lcmd",1,"Index","Index"
"897",16,"6","IT","No",0.670010995865,"lcmd",1,"Index","Middle"
"898",17,"6","IT","Yes",0.924514818191,"lcmd",1,"Index","Index"
"899",18,"6","IT","No",0.773889112472,"lalt",1,"Middle","Index"
"900",19,"6","IT","Yes",1.17169485092,"lalt",1,"Middle","Middle"
"901",20,"6","IT","Yes",0.882271051407,"lcmd",1,"Index","Index"
"902",21,"6","IT","No",0.680106067657,"lalt",1,"Middle","Index"
"903",22,"6","IT","Yes",0.651290035248,"lalt",1,"Middle","Middle"
"904",23,"6","IT","No",0.55286192894,"lcmd",1,"Index","Middle"
"905",24,"6","IT","Yes",0.654497146606,"lcmd",1,"Index","Index"
"906",25,"6","IT","No",0.682822084427,"lcmd",1,"Index","Middle"
"907",26,"6","IT","Yes",0.793391132355,"lalt",1,"Middle","Middle"
"908",27,"6","IT","No",0.820848989487,"lalt",1,"Middle","Index"
"909",28,"6","IT","Yes",0.655436038971,"lalt",1,"Middle","Middle"
"910",29,"6","IT","Yes",0.733319807053,"lcmd",1,"Index","Index"
"911",30,"6","IT","No",0.942235136032,"lalt",1,"Middle","Index"
"912",31,"6","IT","No",1.01695680618,"lcmd",1,"Index","Middle"
"913",32,"6","IT","Yes",0.614174079895,"lcmd",1,"Index","Index"
"914",33,"6","IT","No",0.683635902405,"lcmd",1,"Index","Middle"
"915",34,"6","IT","No",0.709780168533,"lalt",1,"Middle","Index"
"916",35,"6","IT","Yes",0.592828130722,"lalt",1,"Middle","Middle"
"917",36,"6","IT","No",0.529290056229,"lcmd",1,"Index","Middle"
"918",37,"6","IT","No",0.896328020096,"lalt",1,"Middle","Index"
"919",38,"6","IT","Yes",0.761110877991,"lalt",1,"Middle","Middle"
"920",39,"6","IT","Yes",0.672219944,"lcmd",1,"Index","Index"
"921",40,"6","IT","No",1.05356292725,"lcmd",1,"Index","Middle"
"922",41,"6","IT","No",0.65864405632,"lalt",1,"Middle","Index"
"923",42,"6","IT","Yes",0.925320863724,"lcmd",1,"Index","Index"
"924",43,"6","IT","Yes",0.880788135529,"lalt",1,"Middle","Middle"
"925",44,"6","IT","No",0.70102186203,"lcmd",1,"Index","Middle"
"926",45,"6","IT","Yes",0.796737003326,"lcmd",1,"Index","Index"
"927",46,"6","IT","No",0.73500084877,"lalt",1,"Middle","Index"
"928",47,"6","IT","Yes",0.816283130646,"lalt",1,"Middle","Middle"
"929",48,"6","IT","Yes",0.787485122681,"lcmd",1,"Index","Index"
"930",49,"6","IT","Yes",0.70817489624,"lalt",1,"Middle","Middle"
"931",50,"6","IT","No",0.7135160923,"lalt",1,"Middle","Index"
"932",51,"6","IT","No",1.11061682701,"lcmd",1,"Index","Middle"
"933",52,"6","IT","No",0.683396053314,"lcmd",1,"Index","Middle"
"934",53,"6","IT","Yes",0.428279924393,"lalt",1,"Middle","Middle"
"935",54,"6","IT","Yes",0.676131010056,"lcmd",1,"Index","Index"
"936",55,"6","IT","No",0.642267799377,"lalt",1,"Middle","Index"
"937",56,"6","IT","Yes",0.577867078781,"lalt",1,"Middle","Middle"
"938",57,"6","IT","No",0.852894973755,"lcmd",1,"Index","Middle"
"939",58,"6","IT","No",0.587409973145,"lalt",1,"Middle","Index"
"940",59,"6","IT","Yes",1.15613203049,"lcmd",1,"Index","Index"
"941",60,"6","IT","No",0.616560983658,"lcmd",1,"Index","Middle"
"942",61,"6","IT","No",0.603490924835,"lalt",1,"Middle","Index"
"943",62,"6","IT","Yes",0.634026002884,"lalt",1,"Middle","Middle"
"944",63,"6","IT","Yes",0.674777936935,"lcmd",1,"Index","Index"
"945",64,"6","IT","Yes",0.834893989563,"lcmd",1,"Index","Index"
"946",65,"6","IT","Yes",0.52212896347,"lalt",1,"Middle","Middle"
"947",66,"6","IT","No",0.632922172546,"lcmd",1,"Index","Middle"
"948",67,"6","IT","No",0.629704189301,"lalt",1,"Middle","Index"
"949",68,"6","IT","Yes",0.602497053146,"lalt",1,"Middle","Middle"
"950",69,"6","IT","No",0.698272895813,"lcmd",1,"Index","Middle"
"951",70,"6","IT","Yes",0.630138969421,"lcmd",1,"Index","Index"
"952",71,"6","IT","No",0.691309070587,"lalt",1,"Middle","Index"
"953",72,"6","IT","Yes",0.537844896317,"lcmd",1,"Index","Index"
"954",73,"6","IT","No",0.876143074036,"lalt",0,"Index","Middle"
"955",74,"6","IT","Yes",1.05270800591,"lalt",1,"Middle","Middle"
"956",75,"6","IT","No",0.971486902237,"lalt",1,"Middle","Index"
"957",76,"6","IT","No",0.649904966354,"lcmd",1,"Index","Middle"
"958",77,"6","IT","No",0.731256866455,"lalt",1,"Middle","Index"
"959",78,"6","IT","Yes",0.579760837555,"lalt",1,"Middle","Middle"
"960",79,"6","IT","Yes",0.671810150146,"lcmd",1,"Index","Index"
"961",0,"7","II","No",-4.85188803673,"lalt",1,"Middle","Index"
"962",1,"7","II","Yes",-1.47451014519,"lcmd",1,"Index","Index"
"963",2,"7","II","Yes",-1.37222595215,"lcmd",1,"Middle","Middle"
"964",3,"7","II","No",-1.09187984467,"lcmd",1,"Index","Middle"
"965",4,"7","II","Yes",-2.40292410851,"lalt",1,"Middle","Middle"
"966",5,"7","II","Yes",0.653427028656,"lcmd",1,"Index","Index"
"967",6,"7","II","No",0.842294979095,"lalt",1,"Index","Middle"
"968",7,"7","II","No",1.00005984306,"lcmd",1,"Middle","Index"
"969",8,"7","II","Yes",0.948098039627,"lcmd",1,"Index","Index"
"970",9,"7","II","No",2.73999590874,"lalt",1,"Index","Middle"
"971",10,"7","II","No",1.21855521202,"lalt",1,"Middle","Index"
"972",11,"7","II","Yes",0.945886945725,"lcmd",1,"Middle","Middle"
"973",12,"7","II","No",0.528262996674,"lalt",1,"Index","Middle"
"974",13,"7","II","Yes",1.74960107803,"lalt",1,"Index","Index"
"975",14,"7","II","No",1.52274403572,"lcmd",1,"Middle","Index"
"976",15,"7","II","Yes",1.43911395073,"lcmd",1,"Middle","Middle"
"977",16,"7","II","No",1.22257800102,"lalt",1,"Index","Middle"
"978",17,"7","II","No",1.06732020378,"lcmd",1,"Middle","Index"
"979",18,"7","II","Yes",0.849822044373,"lcmd",1,"Middle","Middle"
"980",19,"7","II","Yes",0.484448099136,"lalt",1,"Index","Index"
"981",20,"7","II","No",0.765095043182,"lalt",1,"Index","Middle"
"982",21,"7","II","Yes",0.781989049912,"lalt",1,"Index","Index"
"983",22,"7","II","Yes",0.895848035812,"lcmd",1,"Middle","Middle"
"984",23,"7","II","No",1.14032011032,"lalt",1,"Middle","Index"
"985",24,"7","II","Yes",2.52214713097,"lcmd",1,"Middle","Middle"
"986",25,"7","II","No",2.12279906273,"lcmd",1,"Middle","Index"
"987",26,"7","II","No",1.88222503662,"lalt",1,"Index","Middle"
"988",27,"7","II","Yes",2.01394100189,"lalt",1,"Index","Index"
"989",28,"7","II","Yes",1.63424396515,"lcmd",1,"Index","Index"
"990",29,"7","II","Yes",2.6524679184,"lcmd",1,"Middle","Middle"
"991",30,"7","II","No",1.60206618309,"lalt",1,"Index","Middle"
"992",31,"7","II","No",1.01043806076,"lcmd",1,"Middle","Index"
"993",32,"7","II","Yes",1.12075490952,"lcmd",1,"Middle","Middle"
"994",33,"7","II","No",1.02811012268,"lcmd",1,"Index","Middle"
"995",34,"7","II","No",1.45793499947,"lalt",1,"Middle","Index"
"996",35,"7","II","Yes",1.72086787224,"lalt",1,"Index","Index"
"997",36,"7","II","No",0.8444439888,"lcmd",1,"Middle","Index"
"998",37,"7","II","Yes",1.29848504066,"lalt",1,"Index","Index"
"999",38,"7","II","Yes",0.853035068512,"lcmd",1,"Middle","Middle"
"1000",39,"7","II","No",1.15837507248,"lalt",1,"Index","Middle"
"1001",40,"7","II","Yes",1.7167579174,"lalt",1,"Index","Index"
"1002",41,"7","II","No",1.03709421158,"lcmd",1,"Middle","Index"
"1003",42,"7","II","Yes",2.0374209404,"lcmd",1,"Middle","Middle"
"1004",43,"7","II","No",1.48412694931,"lalt",1,"Index","Middle"
"1005",44,"7","II","Yes",1.84107694626,"lalt",1,"Index","Index"
"1006",45,"7","II","No",0.994420957565,"lalt",1,"Index","Middle"
"1007",46,"7","II","Yes",0.545466041565,"lcmd",1,"Middle","Middle"
"1008",47,"7","II","No",0.473709058762,"lcmd",1,"Middle","Index"
"1009",48,"7","II","Yes",0.76853890419,"lcmd",1,"Middle","Middle"
"1010",49,"7","II","No",0.685362911224,"lcmd",1,"Middle","Index"
"1011",50,"7","II","No",0.518148851395,"lalt",1,"Index","Middle"
"1012",51,"7","II","Yes",1.18842401505,"lalt",1,"Index","Index"
"1013",52,"7","II","Yes",1.14383015633,"lalt",1,"Index","Index"
"1014",53,"7","II","No",1.30140013695,"lcmd",1,"Middle","Index"
"1015",54,"7","II","No",1.70944108963,"lalt",1,"Index","Middle"
"1016",55,"7","II","Yes",2.09268898964,"lcmd",1,"Middle","Middle"
"1017",56,"7","II","No",1.34285387993,"lalt",1,"Index","Middle"
"1018",57,"7","II","Yes",1.52640795708,"lalt",1,"Index","Index"
"1019",58,"7","II","Yes",2.02378201485,"lcmd",1,"Middle","Middle"
"1020",59,"7","II","No",0.921943902969,"lcmd",1,"Middle","Index"
"1021",60,"7","II","Yes",1.39872012138,"lcmd",1,"Middle","Middle"
"1022",61,"7","II","Yes",0.707597064972,"lalt",1,"Index","Index"
"1023",62,"7","II","No",0.726388883591,"lalt",1,"Index","Middle"
"1024",63,"7","II","No",1.31069607735,"lcmd",1,"Middle","Index"
"1025",64,"7","II","Yes",1.23234901428,"lalt",1,"Index","Index"
"1026",65,"7","II","No",0.775723075867,"lalt",1,"Index","Middle"
"1027",66,"7","II","No",2.19803791046,"lcmd",1,"Middle","Index"
"1028",67,"7","II","Yes",2.77372784615,"lcmd",1,"Middle","Middle"
"1029",68,"7","II","No",1.07441701889,"lalt",1,"Index","Middle"
"1030",69,"7","II","No",1.18248806,"lcmd",1,"Middle","Index"
"1031",70,"7","II","Yes",0.979314041138,"lcmd",1,"Middle","Middle"
"1032",71,"7","II","Yes",0.843318843842,"lalt",1,"Index","Index"
"1033",72,"7","II","No",1.07400107384,"lcmd",1,"Middle","Index"
"1034",73,"7","II","No",1.18208599091,"lalt",1,"Index","Middle"
"1035",74,"7","II","Yes",1.84912796021,"lalt",1,"Index","Index"
"1036",75,"7","II","Yes",0.975806903839,"lcmd",1,"Middle","Middle"
"1037",76,"7","II","Yes",1.15596518517,"lalt",1,"Index","Index"
"1038",77,"7","II","No",1.25526390076,"lcmd",1,"Middle","Index"
"1039",78,"7","II","Yes",1.37579894066,"lcmd",1,"Middle","Middle"
"1040",79,"7","II","No",1.0584728241,"lalt",1,"Index","Middle"
"1041",0,"8","IT","No",-22.1020948887,"lalt",1,"Middle","Index"
"1042",1,"8","IT","Yes",0.411666965485,"lcmd",1,"Index","Index"
"1043",2,"8","IT","Yes",0.472671127319,"lalt",1,"Middle","Middle"
"1044",3,"8","IT","No",0.376491069794,"lcmd",1,"Index","Middle"
"1045",4,"8","IT","No",0.44477596283,"lcmd",1,"Index","Middle"
"1046",5,"8","IT","Yes",0.457090091705,"lalt",1,"Middle","Middle"
"1047",6,"8","IT","No",0.465296792984,"lalt",1,"Middle","Index"
"1048",7,"8","IT","Yes",0.369953918457,"lcmd",1,"Index","Index"
"1049",8,"8","IT","No",0.452622079849,"lalt",1,"Middle","Index"
"1050",9,"8","IT","Yes",0.461380004883,"lalt",1,"Middle","Middle"
"1051",10,"8","IT","Yes",0.499693012238,"lcmd",1,"Index","Index"
"1052",11,"8","IT","No",0.457917070389,"lcmd",1,"Index","Middle"
"1053",12,"8","IT","Yes",0.469365119934,"lalt",1,"Middle","Middle"
"1054",13,"8","IT","No",0.356744146347,"lcmd",1,"Index","Middle"
"1055",14,"8","IT","Yes",0.354042053223,"lcmd",1,"Index","Index"
"1056",15,"8","IT","No",0.401763916016,"lalt",1,"Middle","Index"
"1057",16,"8","IT","Yes",0.416329097748,"lcmd",1,"Index","Index"
"1058",17,"8","IT","Yes",0.347988843918,"lalt",1,"Middle","Middle"
"1059",18,"8","IT","No",0.486445045471,"lcmd",0,"Middle","Index"
"1060",19,"8","IT","No",0.427419137955,"lcmd",1,"Index","Middle"
"1061",20,"8","IT","No",0.468042135239,"lcmd",1,"Index","Middle"
"1062",21,"8","IT","Yes",0.495547819138,"lalt",1,"Middle","Middle"
"1063",22,"8","IT","No",0.590035867691,"lalt",1,"Middle","Index"
"1064",23,"8","IT","Yes",0.509782218933,"lcmd",1,"Index","Index"
"1065",24,"8","IT","No",0.47137503624,"lalt",1,"Middle","Index"
"1066",25,"8","IT","Yes",0.544380950928,"lcmd",1,"Index","Index"
"1067",26,"8","IT","Yes",0.46779589653,"lalt",1,"Middle","Middle"
"1068",27,"8","IT","No",0.419332122803,"lcmd",1,"Index","Middle"
"1069",28,"8","IT","Yes",0.478836011887,"lcmd",1,"Index","Index"
"1070",29,"8","IT","No",0.446776008606,"lcmd",1,"Index","Middle"
"1071",30,"8","IT","Yes",0.510329866409,"lalt",1,"Middle","Middle"
"1072",31,"8","IT","No",0.468297100067,"lalt",1,"Middle","Index"
"1073",32,"8","IT","No",0.53307518959,"lalt",0,"Index","Middle"
"1074",33,"8","IT","Yes",0.527316856384,"lalt",1,"Middle","Middle"
"1075",34,"8","IT","Yes",0.437097072601,"lcmd",1,"Index","Index"
"1076",35,"8","IT","No",0.501478052139,"lalt",1,"Middle","Index"
"1077",36,"8","IT","Yes",0.469401025772,"lalt",1,"Middle","Middle"
"1078",37,"8","IT","Yes",0.439025974274,"lcmd",1,"Index","Index"
"1079",38,"8","IT","No",0.427825117111,"lalt",1,"Middle","Index"
"1080",39,"8","IT","No",0.428195047378,"lcmd",1,"Index","Middle"
"1081",40,"8","IT","No",0.428992986679,"lcmd",1,"Index","Middle"
"1082",41,"8","IT","No",0.503676891327,"lalt",1,"Middle","Index"
"1083",42,"8","IT","Yes",0.490895986557,"lalt",1,"Middle","Middle"
"1084",43,"8","IT","Yes",0.472277021408,"lcmd",1,"Index","Index"
"1085",44,"8","IT","No",0.504972982407,"lcmd",1,"Index","Middle"
"1086",45,"8","IT","No",0.455328178406,"lalt",1,"Middle","Index"
"1087",46,"8","IT","Yes",0.436699008942,"lalt",1,"Middle","Middle"
"1088",47,"8","IT","Yes",0.407781839371,"lcmd",1,"Index","Index"
"1089",48,"8","IT","Yes",0.501856851578,"lalt",1,"Middle","Middle"
"1090",49,"8","IT","No",0.453308916092,"lcmd",1,"Index","Middle"
"1091",50,"8","IT","No",0.498185062408,"lalt",1,"Middle","Index"
"1092",51,"8","IT","Yes",0.379032087326,"lcmd",1,"Index","Index"
"1093",52,"8","IT","No",0.491674995422,"lcmd",1,"Index","Middle"
"1094",53,"8","IT","Yes",0.466093206406,"lcmd",1,"Index","Index"
"1095",54,"8","IT","Yes",0.361688089371,"lalt",1,"Middle","Middle"
"1096",55,"8","IT","No",0.515981054306,"lalt",1,"Middle","Index"
"1097",56,"8","IT","Yes",0.39202208519,"lcmd",1,"Index","Index"
"1098",57,"8","IT","Yes",0.441904973984,"lalt",1,"Middle","Middle"
"1099",58,"8","IT","No",0.492785072327,"lalt",1,"Middle","Index"
"1100",59,"8","IT","No",0.39513502121,"lcmd",1,"Index","Middle"
"1101",60,"8","IT","Yes",0.569762897492,"lcmd",1,"Index","Index"
"1102",61,"8","IT","No",0.356977939606,"lcmd",0,"Middle","Index"
"1103",62,"8","IT","Yes",0.426494884491,"lalt",1,"Middle","Middle"
"1104",63,"8","IT","No",0.402917814255,"lcmd",1,"Index","Middle"
"1105",64,"8","IT","Yes",0.454613876343,"lalt",1,"Middle","Middle"
"1106",65,"8","IT","No",0.454123020172,"lalt",1,"Middle","Index"
"1107",66,"8","IT","Yes",0.508098173141,"lalt",0,"Index","Index"
"1108",67,"8","IT","No",0.445228099823,"lcmd",1,"Index","Middle"
"1109",68,"8","IT","No",0.43998503685,"lcmd",1,"Index","Middle"
"1110",69,"8","IT","No",0.447150945663,"lalt",1,"Middle","Index"
"1111",70,"8","IT","Yes",0.456118917465,"lalt",1,"Middle","Middle"
"1112",71,"8","IT","Yes",0.51192407608,"lcmd",1,"Index","Index"
"1113",72,"8","IT","Yes",0.454390954971,"lalt",1,"Middle","Middle"
"1114",73,"8","IT","No",0.533115005493,"lalt",1,"Middle","Index"
"1115",74,"8","IT","No",0.457649993896,"lcmd",1,"Index","Middle"
"1116",75,"8","IT","Yes",0.513983011246,"lcmd",1,"Index","Index"
"1117",76,"8","IT","No",0.513128852844,"lcmd",1,"Index","Middle"
"1118",77,"8","IT","Yes",0.465550994873,"lcmd",1,"Index","Index"
"1119",78,"8","IT","No",0.461757135391,"lalt",1,"Middle","Index"
"1120",79,"8","IT","Yes",0.511108112335,"lalt",1,"Middle","Middle"
"1121",0,"9","II","No",0.618619966507,"lalt",1,"Middle","Index"
"1122",1,"9","II","Yes",0.402339839935,"lcmd",1,"Index","Index"
"1123",2,"9","II","No",0.754592990875,"lalt",0,"Index","Middle"
"1124",3,"9","II","Yes",0.868260145187,"lalt",1,"Middle","Middle"
"1125",4,"9","II","No",0.523070049286,"lcmd",0,"Middle","Index"
"1126",5,"9","II","Yes",0.520430898666,"lalt",1,"Middle","Middle"
"1127",6,"9","II","Yes",0.607403993607,"lcmd",1,"Index","Index"
"1128",7,"9","II","No",1.07421321869,"lcmd",1,"Index","Middle"
"1129",8,"9","II","Yes",0.664263105392,"lalt",1,"Middle","Middle"
"1130",9,"9","II","No",0.653012037277,"lalt",1,"Middle","Index"
"1131",10,"9","II","Yes",0.668878889084,"lcmd",1,"Index","Index"
"1132",11,"9","II","No",1.25813989639,"lcmd",1,"Index","Middle"
"1133",12,"9","II","No",0.626762962341,"lcmd",1,"Index","Middle"
"1134",13,"9","II","Yes",0.729055833817,"lalt",1,"Middle","Middle"
"1135",14,"9","II","Yes",0.641821098328,"lcmd",1,"Index","Index"
"1136",15,"9","II","No",0.964069890976,"lalt",1,"Middle","Index"
"1137",16,"9","II","Yes",0.54008307457,"lalt",1,"Middle","Middle"
"1138",17,"9","II","Yes",0.598428869247,"lcmd",1,"Index","Index"
"1139",18,"9","II","No",0.590443181992,"lcmd",1,"Index","Middle"
"1140",19,"9","II","No",0.703143119812,"lalt",1,"Middle","Index"
"1141",20,"9","II","Yes",0.598307037353,"lalt",1,"Middle","Middle"
"1142",21,"9","II","No",0.636325883865,"lcmd",1,"Index","Middle"
"1143",22,"9","II","Yes",0.463217926025,"lcmd",1,"Index","Index"
"1144",23,"9","II","No",0.596919870377,"lalt",1,"Middle","Index"
"1145",24,"9","II","No",0.702826118469,"lcmd",0,"Middle","Index"
"1146",25,"9","II","No",0.654831123352,"lcmd",1,"Index","Middle"
"1147",26,"9","II","Yes",0.646702957153,"lalt",1,"Middle","Middle"
"1148",27,"9","II","Yes",0.414421987534,"lcmd",1,"Index","Index"
"1149",28,"9","II","No",0.607159090042,"lcmd",1,"Index","Middle"
"1150",29,"9","II","No",0.578554010391,"lalt",1,"Middle","Index"
"1151",30,"9","II","Yes",0.522727823257,"lcmd",1,"Index","Index"
"1152",31,"9","II","Yes",0.427361822128,"lalt",1,"Middle","Middle"
"1153",32,"9","II","No",1.12231206894,"lalt",1,"Middle","Index"
"1154",33,"9","II","No",0.555067014694,"lcmd",1,"Index","Middle"
"1155",34,"9","II","Yes",0.64408788681,"lcmd",1,"Index","Index"
"1156",35,"9","II","Yes",0.590035104752,"lalt",1,"Middle","Middle"
"1157",36,"9","II","No",0.595837974548,"lalt",1,"Middle","Index"
"1158",37,"9","II","No",0.485212945938,"lcmd",1,"Index","Middle"
"1159",38,"9","II","Yes",0.419280052185,"lcmd",1,"Index","Index"
"1160",39,"9","II","Yes",0.639581108093,"lalt",1,"Middle","Middle"
"1161",40,"9","II","No",0.557845067978,"lcmd",0,"Middle","Index"
"1162",41,"9","II","No",0.61616897583,"lcmd",1,"Index","Middle"
"1163",42,"9","II","Yes",0.702845859528,"lcmd",1,"Index","Index"
"1164",43,"9","II","Yes",0.423604106903,"lalt",1,"Middle","Middle"
"1165",44,"9","II","Yes",0.882729959488,"lalt",1,"Middle","Middle"
"1166",45,"9","II","No",0.538669061661,"lalt",1,"Middle","Index"
"1167",46,"9","II","No",0.726598930359,"lcmd",1,"Index","Middle"
"1168",47,"9","II","Yes",0.621187067032,"lcmd",1,"Index","Index"
"1169",48,"9","II","Yes",0.590547084808,"lalt",1,"Middle","Middle"
"1170",49,"9","II","Yes",0.573620128632,"lcmd",1,"Index","Index"
"1171",50,"9","II","No",0.820321846008,"lalt",1,"Middle","Index"
"1172",51,"9","II","No",0.73780708313,"lcmd",1,"Index","Middle"
"1173",52,"9","II","Yes",0.529890823364,"lcmd",1,"Index","Index"
"1174",53,"9","II","No",0.538273096085,"lcmd",1,"Index","Middle"
"1175",54,"9","II","Yes",0.4709441185,"lalt",1,"Middle","Middle"
"1176",55,"9","II","No",0.527684164047,"lalt",1,"Middle","Index"
"1177",56,"9","II","No",0.470113182068,"lalt",1,"Middle","Index"
"1178",57,"9","II","Yes",0.491839075088,"lalt",1,"Middle","Middle"
"1179",58,"9","II","Yes",0.836634111404,"lcmd",1,"Index","Index"
"1180",59,"9","II","No",0.550401926041,"lcmd",1,"Index","Middle"
"1181",60,"9","II","No",0.80482211113,"lalt",1,"Middle","Index"
"1182",61,"9","II","Yes",0.626866960525,"lcmd",1,"Index","Index"
"1183",62,"9","II","Yes",0.689590072632,"lalt",1,"Middle","Middle"
"1184",63,"9","II","No",0.582315015793,"lalt",0,"Index","Middle"
"1185",64,"9","II","Yes",0.615511894226,"lalt",1,"Middle","Middle"
"1186",65,"9","II","No",0.647670936585,"lalt",1,"Middle","Index"
"1187",66,"9","II","No",0.695237016678,"lcmd",1,"Index","Middle"
"1188",67,"9","II","Yes",0.660640859604,"lcmd",1,"Index","Index"
"1189",68,"9","II","No",0.589950847626,"lalt",1,"Middle","Index"
"1190",69,"9","II","Yes",0.448195934296,"lcmd",1,"Index","Index"
"1191",70,"9","II","No",1.13729691505,"lcmd",1,"Index","Middle"
"1192",71,"9","II","Yes",0.503347110748,"lalt",1,"Middle","Middle"
"1193",72,"9","II","No",0.517468929291,"lcmd",1,"Index","Middle"
"1194",73,"9","II","Yes",0.522254037857,"lcmd",1,"Index","Index"
"1195",74,"9","II","Yes",0.55467581749,"lalt",1,"Middle","Middle"
"1196",75,"9","II","No",0.89291806221,"lalt",1,"Middle","Index"
"1197",76,"9","II","Yes",0.541473960876,"lalt",1,"Middle","Middle"
"1198",77,"9","II","No",0.563721942902,"lalt",1,"Middle","Index"
"1199",78,"9","II","No",0.947066879272,"lcmd",1,"Index","Middle"
"1200",79,"9","II","Yes",0.823151063919,"lcmd",1,"Index","Index"
